feature,importance,encoder
list_price,0.6718999048565215,onehot
mileage,0.08996141452726146,onehot
vehicle_age_years,0.08900734644605938,onehot
vehicle_age_days,0.08788525910369828,onehot
reg_year,0.011482137167994892,onehot
make_Porsche,0.006268232873670665,onehot
engine,0.00528352970485958,onehot
body_SUV,0.001637546603787251,onehot
make_Land Rover,0.0015786517382434181,onehot
model_Defender 110,0.001405828010202355,onehot
fuel_Petrol,0.0011870119380123305,onehot
engine_missing,0.0011010646052447201,onehot
doors,0.0010582492749034963,onehot
fuel_Electric,0.0008758220206780573,onehot
make_BMW,0.0006866089490275863,onehot
fuel_Diesel,0.0006605381573188551,onehot
body_Saloon,0.000636471862535542,onehot
trim_Missing,0.0006229885338123412,onehot
model_911,0.0006227002782760036,onehot
make_Vauxhall,0.000622532289231436,onehot
transmission_Automatic,0.0005953426339164315,onehot
transmission_Manual,0.0005695820291292538,onehot
generation_SUV (2022 - ),0.0005598892692640214,onehot
make_Audi,0.00045031100758336184,onehot
model_Defender 90,0.00043980166855445374,onehot
make_Volkswagen,0.00038920972252704666,onehot
fuel_Petrol Plug-in Hybrid,0.0003235520905934756,onehot
generation_SUV (2019 - ),0.0003233961745436507,onehot
model_Bentayga,0.00030914854632654697,onehot
trim_Dynamic SE,0.0002892327440788374,onehot
trim_S line,0.0002845815951577856,onehot
trim_M Sport,0.00027460290547162805,onehot
generation_SUV (2015 - 2020),0.00026448075817528556,onehot
make_Jaguar,0.0002642767777277851,onehot
make_Mercedes-Benz,0.0002579534666492965,onehot
generation_SUV (2017 - 2022),0.00025687788292839134,onehot
body_Coupe,0.00025169638248948896,onehot
trim_S,0.0002345044351122925,onehot
make_Ford,0.00023195822003651949,onehot
generation_SUV (2018 - ),0.00022158013498416214,onehot
model_XC40,0.00022106837746707378,onehot
body_Hatchback,0.00020976601562505134,onehot
generation_Hatchback (2007 - 2011) MK2 Facelift,0.00020632814568889759,onehot
model_RS3,0.00020214558577603335,onehot
trim_RS,0.00018976867986186043,onehot
model_Continental,0.00018367874905575842,onehot
generation_SUV (2017 - ),0.00018177791834813925,onehot
make_MINI,0.00017813079933948954,onehot
body_Estate,0.00016820250720873552,onehot
model_Macan,0.0001576785155155404,onehot
make_Nissan,0.00015150865330004453,onehot
body_Convertible,0.00014965989660846804,onehot
fuel_Petrol Hybrid,0.00013730679409930643,onehot
make_Peugeot,0.000136372105569528,onehot
trim_AMG Line,0.00013287900538914673,onehot
model_Range Rover,0.00013175577116553272,onehot
model_e-tron,0.00012980956322630226,onehot
generation_SUV (2020 - ),0.0001265250965118114,onehot
model_GT-R,0.0001260918112790692,onehot
plate_age_id_70,0.00012572228352669687,onehot
trim_M,0.00012506053105690312,onehot
model_Range Rover Sport,0.0001206845794836158,onehot
trim_Autobiography,0.00012024271096455569,onehot
trim_Black Edition,0.00012013286509496477,onehot
model_Hatch,0.00011897029453043687,onehot
generation_Coupe (2011 - 2020),0.00011840096757460016,onehot
generation_SUV (2017 - 2021),0.00011539600945539181,onehot
model_GLC Class,0.00011210439506091505,onehot
trim_981,0.00011096160378357079,onehot
trim_SE,0.00011023088842675482,onehot
make_Volvo,0.00010693925785587828,onehot
plate_age_id_21,0.00010476804336572438,onehot
make_SKODA,0.00010463242360272958,onehot
model_i8,0.00010188347830598012,onehot
model_A8,9.5929847605193e-05,onehot
model_S3,9.521809249784266e-05,onehot
model_Golf,9.459077917653448e-05,onehot
plate_age_id_13,9.392567766891067e-05,onehot
trim_Sport,9.189027128458092e-05,onehot
trim_HSE,9.139997868681309e-05,onehot
trim_SVR,9.013367334665167e-05,onehot
plate_age_id_19,8.990603596647982e-05,onehot
trim_GTS,8.67249676211038e-05,onehot
plate_age_id_22,8.584242888465344e-05,onehot
plate_age_id_72,8.496960225438199e-05,onehot
plate_age_id_23,8.394692349313861e-05,onehot
generation_Coupe (2014 - 2018),8.31994793832563e-05,onehot
plate_age_id_63,8.305858009288835e-05,onehot
plate_age_id_69,8.171394852860993e-05,onehot
plate_age_id_71,8.16860148187614e-05,onehot
trim_AMG,8.0233906419292e-05,onehot
generation_Hatchback (2018 - ),7.878912808883719e-05,onehot
model_E Class,7.741691948952584e-05,onehot
make_Bentley,7.735512099470185e-05,onehot
trim_GT,7.56608565932356e-05,onehot
plate_age_id_20,7.541789724108328e-05,onehot
model_7 Series,6.97601163442781e-05,onehot
body_MPV,6.899047218219696e-05,onehot
trim_R-Dynamic HSE,6.896939073928645e-05,onehot
make_Toyota,6.788462769977973e-05,onehot
plate_age_id_67,6.779103132958402e-05,onehot
model_A1,6.741622132085717e-05,onehot
model_Cayenne,6.626520500277119e-05,onehot
generation_Coupe (2016 - ),6.59546610845308e-05,onehot
generation_Hatchback (2019 - ),6.501988570553125e-05,onehot
model_X5,6.364421421963262e-05,onehot
trim_R-Dynamic SE,6.301240024673988e-05,onehot
model_Focus,6.290347067593001e-05,onehot
make_Tesla,6.282572720465119e-05,onehot
plate_age_id_18,6.21682620902887e-05,onehot
model_C Class,6.139724985650905e-05,onehot
plate_age_id_68,6.12557254710502e-05,onehot
plate_age_id_66,6.101518799616841e-05,onehot
model_T-Roc,6.074144912091612e-05,onehot
trim_AMG Edition 507,6.060809136699197e-05,onehot
trim_R,5.989183334575278e-05,onehot
trim_R-Line,5.959965744899575e-05,onehot
generation_Hatchback (2017 - 2020),5.697542146488516e-05,onehot
trim_Competition,5.570623312578104e-05,onehot
model_Leaf,5.5348211963898364e-05,onehot
model_Kuga,5.5288078061156345e-05,onehot
model_Outlander,5.528174958893512e-05,onehot
plate_age_id_17,5.4768208809925745e-05,onehot
trim_Titanium,5.3967752312623636e-05,onehot
model_Range Rover Velar,5.394166060758093e-05,onehot
model_iX,5.339279650963914e-05,onehot
model_8 Series,5.283685203840359e-05,onehot
generation_Coupe (2019 - ),5.2723929518148713e-05,onehot
make_Renault,5.239230848091355e-05,onehot
make_Mitsubishi,5.1070308821672916e-05,onehot
model_TT RS,5.085128111647788e-05,onehot
make_Kia,5.0753805516885216e-05,onehot
generation_SUV (2018 - 2021),5.0677388594769565e-05,onehot
model_Mustang,5.026555143008694e-05,onehot
plate_age_id_15,4.997029400481287e-05,onehot
make_Ferrari,4.889012950497783e-05,onehot
generation_Coupe (2011 - 2014),4.8100589519067504e-05,onehot
generation_Saloon (2020 - ),4.8079982171958176e-05,onehot
generation_SUV (2016 - 2021),4.762902108571582e-05,onehot
generation_Saloon (2019 - ),4.75705835048788e-05,onehot
trim_First Edition,4.738435576309152e-05,onehot
make_Lexus,4.6430094421146175e-05,onehot
generation_Hatchback (2013 - 2018),4.6366046561910065e-05,onehot
generation_Coupe (2004 - 2012) 997,4.6343828405138384e-05,onehot
model_X2,4.6033783482400096e-05,onehot
generation_SUV (2012 - 2017) L405,4.580454960573278e-05,onehot
make_Aston Martin,4.5583553710315826e-05,onehot
model_A Class,4.554991310289258e-05,onehot
model_Tiguan,4.551724547015847e-05,onehot
plate_age_id_16,4.517067815506287e-05,onehot
make_SEAT,4.469344865958678e-05,onehot
model_EQA,4.4310128880848e-05,onehot
model_Grandland X,4.357676992022095e-05,onehot
model_GLE Class,4.2759061268587746e-05,onehot
generation_Hatchback (2020 - ),4.155908216049862e-05,onehot
make_Citroen,4.141779593925855e-05,onehot
generation_SUV (2021 - ),4.137786112341814e-05,onehot
make_Rolls-Royce,4.116160277917845e-05,onehot
generation_Hatchback (2014 - 2018),4.1033869732118e-05,onehot
generation_Hatchback (2021 - ),4.0508264649256515e-05,onehot
model_F-Type,4.0348727838849724e-05,onehot
model_Jimny,4.009029174591199e-05,onehot
model_CLA Class,4.008423873122416e-05,onehot
generation_SUV (2015 - 2018),3.899495296259532e-05,onehot
model_1 Series,3.884841118139248e-05,onehot
model_Vantage,3.786107835739584e-05,onehot
plate_age_id_65,3.777308454745007e-05,onehot
generation_SUV (2015 - 2021),3.7072902023700505e-05,onehot
model_Wrangler,3.675330335512525e-05,onehot
generation_SUV (2016 - 2020),3.640223039867991e-05,onehot
plate_age_id_14,3.638541510432984e-05,onehot
model_3008,3.582391351021345e-05,onehot
generation_SUV (2007 - 2018),3.55789271339936e-05,onehot
model_M5,3.5495566602816957e-05,onehot
model_M3,3.491335026039924e-05,onehot
model_Discovery Sport,3.4865888289755804e-05,onehot
generation_Coupe (2014 - 2017),3.457015417813907e-05,onehot
model_I-PACE,3.4557247698169255e-05,onehot
plate_age_id_64,3.422299991426272e-05,onehot
model_G Class,3.42053299686234e-05,onehot
generation_Saloon (2021 - ),3.4002696410646345e-05,onehot
generation_Estate (2017 - 2018),3.394070201019009e-05,onehot
trim_S Edition 1,3.392886515082475e-05,onehot
make_Maserati,3.3899080735254435e-05,onehot
trim_Standard Range,3.345452988848552e-05,onehot
generation_Coupe (2016 - 2020),3.329101235060826e-05,onehot
model_Polo,3.279032718012838e-05,onehot
make_Jeep,3.2704004432217394e-05,onehot
generation_Coupe (2015 - ),3.254133857553404e-05,onehot
model_X5 M,3.244855460758799e-05,onehot
trim_997 GT3,3.2413275279609894e-05,onehot
trim_XS Edition,3.231589787153275e-05,onehot
model_Range Rover Evoque,3.19792776072671e-05,onehot
model_RS4 Avant,3.18397965997581e-05,onehot
trim_Sahara,3.137885621682867e-05,onehot
generation_Hatchback (2010 - 2014),3.1206775280912154e-05,onehot
make_DS AUTOMOBILES,3.098133403545548e-05,onehot
trim_Vorsprung,3.080407976708401e-05,onehot
model_5 Series,3.074744104910664e-05,onehot
model_S90,3.0170700439453533e-05,onehot
fuel_Diesel Hybrid,3.0161644650626837e-05,onehot
generation_SUV (2018 - 2022),3.0038555857213864e-05,onehot
generation_SUV (2010 - 2018),2.9987806394684998e-05,onehot
model_Enyaq,2.9508453399052954e-05,onehot
model_S Class,2.9212513184977712e-05,onehot
trim_Long Range,2.892652710093698e-05,onehot
model_XC90,2.8477472962870364e-05,onehot
generation_Saloon (2016 - 2020),2.8424190415536014e-05,onehot
model_A5,2.841787095301883e-05,onehot
trim_GT S,2.8385125932214394e-05,onehot
make_Hyundai,2.8359170383194154e-05,onehot
trim_Launch Edition,2.829347030656724e-05,onehot
trim_Technik,2.812859519429139e-05,onehot
generation_Coupe (2016 - 2021),2.802692768454788e-05,onehot
make_Lotus,2.7734237588850716e-05,onehot
model_Puma,2.756700767709061e-05,onehot
model_3 Series,2.746148848829852e-05,onehot
make_Honda,2.7459039748087074e-05,onehot
generation_Saloon (2013 - 2021),2.7161299775778544e-05,onehot
trim_991 50th Anniversary Edition,2.6999581168599346e-05,onehot
model_XF,2.6818344691543432e-05,onehot
generation_SUV (2014 - 2019),2.6802183462504898e-05,onehot
model_X7,2.665032078274707e-05,onehot
trim_991 Carrera S,2.661473763780444e-05,onehot
generation_Coupe (2018 - ),2.641151436143322e-05,onehot
generation_SUV (2012 - 2016) MK2,2.584492266388585e-05,onehot
generation_Estate (2019 - ),2.5735748811473846e-05,onehot
model_EQC,2.556840918501587e-05,onehot
model_M4,2.5412585723435448e-05,onehot
generation_Coupe (2005 - 2018),2.51628944931994e-05,onehot
generation_Saloon (2015 - 2020),2.5102319830594288e-05,onehot
generation_SUV (2014 - 2018),2.5046409544852106e-05,onehot
generation_Saloon (2015 - 2018),2.5040178330033866e-05,onehot
model_ID.3,2.5035352167270118e-05,onehot
generation_Convertible (2018 - ),2.4645173246442676e-05,onehot
generation_Estate (2020 - ),2.458169864601554e-05,onehot
model_e-tron S,2.4259163739173546e-05,onehot
generation_Hatchback (2017 - ),2.4140644628872996e-05,onehot
model_RS Q3,2.395158078038331e-05,onehot
generation_SUV (2017 - 2020),2.3894060502503918e-05,onehot
trim_HSE Dynamic,2.374431283016007e-05,onehot
model_4 Series,2.3718081387323752e-05,onehot
trim_Competition M,2.353280601401388e-05,onehot
plate_age_id_12,2.3416788834944953e-05,onehot
plate_age_id_59,2.3411772970884267e-05,onehot
model_RS6 Avant,2.3230670262102876e-05,onehot
generation_Convertible (2012 - 2016),2.310925829189841e-05,onehot
generation_SUV (2013 - 2017) L494,2.309436009005516e-05,onehot
generation_MPV (2018 - 2021),2.2727731976075578e-05,onehot
model_Rapide S,2.2533823516137047e-05,onehot
trim_Audi Sport Edition,2.249177098165991e-05,onehot
generation_Coupe (2018 - 2022),2.2446413308589503e-05,onehot
generation_Saloon (2015 - 2019),2.2320728100626533e-05,onehot
model_California,2.230355557154399e-05,onehot
model_Ghost,2.2275924975587836e-05,onehot
generation_Estate (2022 - ),2.219179865905768e-05,onehot
trim_4S,2.217213204559555e-05,onehot
make_Mazda,2.2044768194991072e-05,onehot
model_RAV4,2.2000152321911692e-05,onehot
model_Land Cruiser,2.1458246817670618e-05,onehot
model_Sportage,2.124868801924433e-05,onehot
model_Model S,2.1148656960184124e-05,onehot
generation_Saloon (2018 - ),2.091984653694199e-05,onehot
generation_SUV (2013 - 2018),2.0912378088758075e-05,onehot
trim_X,2.0874298917627244e-05,onehot
trim_GT Line,2.058377924749577e-05,onehot
model_RSQ8,2.0516737954359185e-05,onehot
model_Q3,2.0364223798003787e-05,onehot
model_4 Series Gran Coupe,2.029707296352254e-05,onehot
trim_NX,2.0283470668397095e-05,onehot
generation_Saloon (2018 - 2022),1.9963082333766014e-05,onehot
model_Kadjar,1.976965141436168e-05,onehot
generation_Hatchback (2022 - ),1.945997020207323e-05,onehot
trim_Design,1.944767430338216e-05,onehot
generation_Coupe (2013 - ),1.9348519240992547e-05,onehot
model_Zoe,1.929185195063802e-05,onehot
model_Discovery,1.9256791744265466e-05,onehot
model_GLA Class,1.9240469920029645e-05,onehot
model_Fiesta,1.9102805393542973e-05,onehot
trim_991 Turbo S,1.8813654994790005e-05,onehot
make_Lamborghini,1.8752343584281614e-05,onehot
make_Fiat,1.8697417480737013e-05,onehot
model_NX 300h,1.869103972745791e-05,onehot
generation_Estate (2014 - 2018) C7,1.84034496902387e-05,onehot
model_Countryman,1.8331182119241818e-05,onehot
model_Taycan,1.8222915497666533e-05,onehot
generation_Saloon (2019 - 2022),1.8222165416648026e-05,onehot
trim_X-Dynamic HSE,1.8205418590443004e-05,onehot
plate_age_id_62,1.809369659448857e-05,onehot
plate_age_id_10,1.804346898178387e-05,onehot
generation_SUV (2019 - 2022),1.8023415828863527e-05,onehot
model_A4,1.7966891413612542e-05,onehot
model_M6,1.7966246114174505e-05,onehot
trim_AMG Line Edition,1.7965355988020937e-05,onehot
model_Panamera,1.7911183243604815e-05,onehot
trim_Vogue SE,1.7851033718784037e-05,onehot
trim_T,1.784932003373725e-05,onehot
model_KONA,1.7816302664649426e-05,onehot
trim_X-Dynamic S,1.7777720190582873e-05,onehot
trim_Portfolio,1.7750552023543302e-05,onehot
model_Mokka,1.7713888553263263e-05,onehot
model_F-PACE,1.747224969466908e-05,onehot
model_X3,1.7318934773697523e-05,onehot
trim_AMG S,1.7173391140662248e-05,onehot
generation_Saloon (2017 - 2021),1.7097377681007632e-05,onehot
generation_Coupe (2011 - 2017),1.708921197290226e-05,onehot
plate_age_id_61,1.7030169162102743e-05,onehot
generation_Convertible (2012 - 2020),1.6981823257369335e-05,onehot
make_Alpine,1.6904800440428894e-05,onehot
trim_Plus,1.6802865657561803e-05,onehot
generation_Hatchback (2015 - 2017),1.66311059919798e-05,onehot
generation_SUV (2018 - 2020),1.6516488196276593e-05,onehot
trim_Premium,1.651616720574878e-05,onehot
model_Tiguan Allspace,1.647241062246065e-05,onehot
trim_John Cooper Works,1.6467603246901003e-05,onehot
model_A3,1.6460409082212395e-05,onehot
trim_Turbo,1.6459006821604462e-05,onehot
trim_997 Carrera,1.6408495701037356e-05,onehot
trim_Track Edition,1.6381861310310324e-05,onehot
make_Morgan,1.6303423918878516e-05,onehot
generation_Hatchback (2017 - 2021),1.6293660131732878e-05,onehot
model_Boxster,1.6248867055561688e-05,onehot
model_R8,1.604206271626253e-05,onehot
model_e-2008,1.5952074648132777e-05,onehot
model_GLS Class,1.5929947016750896e-05,onehot
plate_age_id_11,1.591618925980105e-05,onehot
model_Qashqai,1.5879390972176622e-05,onehot
generation_Convertible (2009 - 2020),1.5869836625657993e-05,onehot
trim_GTD,1.5800638027287813e-05,onehot
model_DB9,1.5668866998291634e-05,onehot
trim_R-Dynamic S,1.5661121359335394e-05,onehot
generation_SUV (2016 - ),1.564293808579814e-05,onehot
model_2 Series Active Tourer,1.562279592344998e-05,onehot
model_6 Series,1.5403803496972575e-05,onehot
trim_981 GTS,1.5350921884351447e-05,onehot
make_Alfa Romeo,1.528134696509409e-05,onehot
generation_Coupe (2015 - 2018),1.524903893191097e-05,onehot
trim_4 10 Years Edition,1.5164994710785812e-05,onehot
generation_Saloon (2017 - 2022),1.51283490999482e-05,onehot
trim_ST-2,1.5126867244204343e-05,onehot
model_A7,1.5092780298455851e-05,onehot
generation_Coupe (2010 - 2014),1.488158598863995e-05,onehot
trim_Life,1.4846657258868914e-05,onehot
generation_Convertible (2016 - 2020),1.4763578637059006e-05,onehot
generation_Coupe (2010 - 2016) R35 Facelift,1.4757784937723161e-05,onehot
model_DS 3 CROSSBACK,1.4733073591537963e-05,onehot
trim_R-Design,1.4709663508652166e-05,onehot
model_Yaris Cross,1.455631132880929e-05,onehot
trim_F Sport,1.4498721716773068e-05,onehot
model_C4 Cactus,1.4471224769929266e-05,onehot
generation_Hatchback (2016 - 2021),1.4460442719127702e-05,onehot
model_e-tron GT,1.4417812677418795e-05,onehot
generation_Convertible (2015 - 2018),1.4397959928633733e-05,onehot
trim_HSE Luxury,1.4346752848344918e-05,onehot
model_308,1.4321292879511603e-05,onehot
generation_SUV (2011 - 2018) LA1,1.4228267141856369e-05,onehot
trim_Tekna,1.4224001925258125e-05,onehot
model_X6 M,1.4206040291479431e-05,onehot
generation_Coupe (2016 - 2018),1.4116368969759736e-05,onehot
model_Q4 e-tron,1.3988253259259503e-05,onehot
model_X6,1.3915828454425182e-05,onehot
model_Mustang MACH-E,1.3841590766012512e-05,onehot
generation_Convertible (2010 - 2021),1.3815164276033476e-05,onehot
generation_Coupe (2007 - 2017),1.3758093404295548e-05,onehot
model_XJ,1.3684268336648801e-05,onehot
generation_Hatchback (2018 - 2021),1.35504384773767e-05,onehot
trim_AMR,1.3447957313444281e-05,onehot
trim_Style,1.3406870305862428e-05,onehot
trim_Autobiography Dynamic,1.3342948927775775e-05,onehot
generation_Convertible (2011 - 2016),1.3316409309254205e-05,onehot
generation_Hatchback (2014 - 2019),1.3131374570283085e-05,onehot
generation_SUV (2019 - 2020),1.3043821452393536e-05,onehot
generation_SUV (2015 - 2019),1.3041601631843102e-05,onehot
trim_2,1.2999223162361734e-05,onehot
trim_N-Connecta,1.2894455782796024e-05,onehot
model_Elise,1.2845947487479964e-05,onehot
model_Q7,1.2808038451883924e-05,onehot
plate_age_id_60,1.2800971486117976e-05,onehot
generation_Convertible (2007 - ),1.2789044363486833e-05,onehot
model_ID.5,1.278594997193316e-05,onehot
trim_AMG Line Night Edition,1.2766939264687496e-05,onehot
generation_SUV (2002 - 2011),1.2734739307783703e-05,onehot
fuel_Bi Fuel,1.2730352386702804e-05,onehot
model_A110,1.2727226934657472e-05,onehot
generation_Hatchback (2013 - 2017) MK5 Facelift,1.2661591986571203e-05,onehot
trim_AMG S Plus,1.2630825420395341e-05,onehot
model_Q5,1.2598790314630723e-05,onehot
model_Kodiaq,1.2588962829313335e-05,onehot
trim_Speed,1.2513671956148271e-05,onehot
model_XC60,1.2487121058346708e-05,onehot
trim_Cooper S Sport,1.2486683102221144e-05,onehot
trim_SEL,1.2390627664386779e-05,onehot
model_Gallardo,1.233751101894676e-05,onehot
trim_Dynamic,1.2198885913817152e-05,onehot
model_EcoSport,1.2120811248836033e-05,onehot
generation_Saloon (2022 - ),1.2118279703932594e-05,onehot
generation_Hatchback (2012 - 2017) MK7,1.2057686532220027e-05,onehot
generation_Hatchback (2016 - 2019),1.2045935336689017e-05,onehot
model_AMG GT,1.20035129597434e-05,onehot
trim_Active,1.1956736012770176e-05,onehot
model_Leon,1.1881755992347975e-05,onehot
trim_Prestige,1.1871567008345343e-05,onehot
model_718 Cayman,1.1799313767802613e-05,onehot
trim_Night Edition,1.1783250651524696e-05,onehot
trim_991 Carrera GTS,1.1682717980691186e-05,onehot
generation_Hatchback (2012 - 2015) W176,1.1681082501374454e-05,onehot
model_NX 350h,1.1668796686924528e-05,onehot
generation_Hatchback (2014 -  2018),1.1661162850703263e-05,onehot
trim_Grand Edition,1.1621448921348208e-05,onehot
trim_Allure,1.1610427087614432e-05,onehot
model_Corsa,1.1362055729604117e-05,onehot
trim_Cooper,1.1348996038520246e-05,onehot
model_SQ7,1.1339029558952373e-05,onehot
trim_4,1.125613447764521e-05,onehot
trim_997 Carrera 4 GTS,1.1242876044030141e-05,onehot
trim_991 Carrera,1.1172965214480383e-05,onehot
generation_Estate (2007 - 2015) S204,1.1097338601050863e-05,onehot
trim_vRS,1.1061926901918535e-05,onehot
trim_X-Dynamic SE,1.1005428491195586e-05,onehot
trim_R-Sport,1.100542065789829e-05,onehot
generation_Hatchback (2016 - 2020),1.0925436935758124e-05,onehot
trim_Excel,1.086048023027778e-05,onehot
generation_Saloon (2014 - 2020),1.082020439511045e-05,onehot
make_Dacia,1.0740681575223581e-05,onehot
model_E-PACE,1.0724992360066789e-05,onehot
model_Jazz,1.0696320537066284e-05,onehot
generation_Saloon (2014 - 2018),1.062329768575951e-05,onehot
model_Astra,1.0606198628978353e-05,onehot
model_SL Class,1.0590427552069744e-05,onehot
generation_Coupe (2015 - 2017),1.0581540620713933e-05,onehot
trim_GT Premium,1.0561555100911213e-05,onehot
trim_Match,1.0543990336084368e-05,onehot
make_Subaru,1.053452095144655e-05,onehot
trim_Recaro,1.0466530712462027e-05,onehot
model_Model X,1.044006305171353e-05,onehot
trim_ST-Line,1.0432343775882562e-05,onehot
trim_Icon,1.0417881256651625e-05,onehot
generation_SUV (2019 - 2021),1.041533607168427e-05,onehot
generation_Convertible (2013 - 2017) A207 Facelift,1.0377656969122974e-05,onehot
trim_Elite Nav,1.0367334169731885e-05,onehot
trim_SportLine,1.0347779760743257e-05,onehot
model_Arteon,1.034249621873758e-05,onehot
generation_Hatchback (2016 - ),1.0295644378882495e-05,onehot
generation_Hatchback (2017 - 2022),1.029119938773611e-05,onehot
trim_SE L,1.0238120556391773e-05,onehot
trim_GTC Speed,1.0160641198974354e-05,onehot
generation_MPV (2018 - ),1.0122225718107695e-05,onehot
generation_Hatchback (2013 - 2016) MK1 Facelift,1.0114463709933212e-05,onehot
model_Civic,9.965879107475413e-06,onehot
generation_Saloon (2013 - 2017) W222,9.951924487207603e-06,onehot
generation_Saloon (2007 - 2016) X250,9.832533939756322e-06,onehot
trim_Luxury,9.737522975170807e-06,onehot
trim_Ultimate,9.661089837528617e-06,onehot
generation_Convertible (2016 - 2018),9.635063609897789e-06,onehot
trim_ST-3,9.580815988583153e-06,onehot
trim_AMG S Edition 1,9.545466405495125e-06,onehot
trim_Urban Edition,9.532895268179286e-06,onehot
model_Plus Four,9.500729926450007e-06,onehot
model_Mokka-e,9.489909142274359e-06,onehot
generation_Coupe (2003 - 2011),9.47279456016636e-06,onehot
trim_AMG Sport,9.469884625750552e-06,onehot
model_CL,9.285343762417366e-06,onehot
trim_Acenta,9.275148381549096e-06,onehot
trim_Flying Spur Speed,9.267649287797375e-06,onehot
trim_Inscription,9.249063769062893e-06,onehot
trim_Carbon Black,9.211468306859709e-06,onehot
model_Karoq,9.068595586473847e-06,onehot
model_X1,8.989958832159674e-06,onehot
model_2 Series,8.936944025760316e-06,onehot
trim_R-Design Pro,8.898645645427443e-06,onehot
trim_Flair,8.837622804165743e-06,onehot
generation_Estate (2021 - ),8.736509933799406e-06,onehot
model_Levante,8.729274994268698e-06,onehot
generation_Hatchback (2015 - 2019),8.729123890763519e-06,onehot
generation_Coupe (2011 - 2021),8.716512317840663e-06,onehot
trim_Zetec,8.69706638251409e-06,onehot
trim_GTI Performance,8.615504671716987e-06,onehot
trim_LP 560-4,8.567274584784317e-06,onehot
trim_FR,8.56462800253122e-06,onehot
trim_991 Turbo,8.54116716014032e-06,onehot
generation_Hatchback (2017 - 2019),8.518333690948073e-06,onehot
model_Compass,8.512772135757116e-06,onehot
model_Octavia,8.479131621095006e-06,onehot
model_Superb,8.476017833734706e-06,onehot
generation_Hatchback (2015 - 2018),8.450510187459876e-06,onehot
model_Yaris,8.430440578651069e-06,onehot
model_Electric,8.428579209959044e-06,onehot
generation_Coupe (2011 - 2015) C204,8.392495821504443e-06,onehot
model_6 Series Gran Coupe,8.38372278640593e-06,onehot
trim_SRi Nav,8.300443843002667e-06,onehot
model_Q2,8.29220872093533e-06,onehot
generation_Hatchback (2012 - 2019),8.240910310536061e-06,onehot
trim_Momentum,8.20602588479254e-06,onehot
model_5008,8.166159375470157e-06,onehot
model_WRX STI,8.159362717173235e-06,onehot
model_Touareg,8.154616755136307e-06,onehot
generation_Estate (2017 - 2020),8.14678347512025e-06,onehot
model_Defender 130,8.137488869036742e-06,onehot
generation_Coupe (2017 - 2020),8.11925639405674e-06,onehot
model_C-HR,8.084985078376916e-06,onehot
trim_Vogue,8.082458831391235e-06,onehot
trim_GTI,8.071806540831073e-06,onehot
trim_UX,8.027916045995961e-06,onehot
model_X4,7.989086708382281e-06,onehot
trim_Platinum Edition,7.981479705739584e-06,onehot
generation_Saloon (2017 - 2020),7.960548430983109e-06,onehot
trim_Titanium X,7.939973142367878e-06,onehot
generation_SUV (2016 - 2018),7.936087418627587e-06,onehot
trim_Inscription Pro,7.924173880228086e-06,onehot
trim_Performance,7.90554179015553e-06,onehot
trim_Takumi,7.901745819794942e-06,onehot
trim_GT-Line,7.862103713899621e-06,onehot
model_Q8,7.834538363160412e-06,onehot
trim_Premium Edition,7.824934916183308e-06,onehot
trim_Type R GT,7.822562584286049e-06,onehot
trim_ST-Line X,7.814019863704758e-06,onehot
model_X3 M,7.800896116330594e-06,onehot
model_UX 300e,7.744235075501065e-06,onehot
generation_Coupe (2012 - 2016) 981,7.704343570428051e-06,onehot
trim_Extended Range,7.662374503771885e-06,onehot
trim_Level 2,7.611707602361604e-06,onehot
trim_Iconic,7.605616792310646e-06,onehot
generation_Estate (2015 - 2019),7.560536358896208e-06,onehot
model_Cayman,7.54385189319158e-06,onehot
trim_Acenta Premium,7.540920162129681e-06,onehot
generation_Saloon (2009 - 2015),7.530428889391008e-06,onehot
trim_GTC S,7.502751057648199e-06,onehot
model_Insignia,7.467205484551755e-06,onehot
trim_Cooper S,7.454486844899993e-06,onehot
generation_Convertible (2003 - 2014) MK 1,7.432181489187453e-06,onehot
make_Suzuki,7.409031528594865e-06,onehot
model_DS 7 CROSSBACK,7.40419248262679e-06,onehot
trim_SE Nav,7.389720499061553e-06,onehot
trim_992 Carrera S,7.34947963089126e-06,onehot
generation_Coupe (2017 - ),7.3173903422487e-06,onehot
make_McLaren,7.307520026358596e-06,onehot
model_A6 Saloon,7.272591189355274e-06,onehot
model_M8,7.192910953331136e-06,onehot
generation_MPV (2015 - 2019),7.1825794171985494e-06,onehot
generation_Convertible (2016 - ),7.15231812177583e-06,onehot
model_Berlingo,7.115598360123408e-06,onehot
model_Stelvio,7.109321909022838e-06,onehot
make_MG,7.104976245736174e-06,onehot
generation_Convertible (2004 - 2012) 997,7.0829887314483605e-06,onehot
generation_Coupe (2008 - 2012),7.070711267549715e-06,onehot
model_T-Cross,7.033114455729126e-06,onehot
trim_3,6.9921974882583475e-06,onehot
model_Passat,6.978419421447389e-06,onehot
trim_SE Technology,6.904764352084647e-06,onehot
trim_Sport 220,6.9014597524412385e-06,onehot
generation_Coupe (2020 - ),6.89725035856787e-06,onehot
generation_Hatchback (2020 -),6.8810368907203105e-06,onehot
trim_997 Carrera S,6.8557227282218385e-06,onehot
trim_R-Line Tech,6.851459240444493e-06,onehot
model_Discovery 4,6.8055162577730864e-06,onehot
fuel_Diesel Plug-in Hybrid,6.7877227387535005e-06,onehot
model_C5 Aircross,6.731008346255083e-06,onehot
trim_80,6.69413310993539e-06,onehot
generation_Hatchback (2012 - 2016),6.6880590910192475e-06,onehot
model_CLS,6.673907638030909e-06,onehot
model_EQS,6.67169792679848e-06,onehot
generation_Coupe (2017 - 2019),6.655620905511247e-06,onehot
model_XE,6.615884197197676e-06,onehot
generation_Hatchback (2014 - ),6.567022418781122e-06,onehot
generation_Saloon (2019 - 2020),6.55947903962606e-06,onehot
trim_R-Dynamic S Plus,6.524484543476022e-06,onehot
model_Mulsanne,6.506617862796382e-06,onehot
model_Z4,6.425029725061902e-06,onehot
generation_SUV (2013 - 2016),6.424773078553638e-06,onehot
generation_Coupe (2012 - 2017),6.370295058553399e-06,onehot
generation_SUV (2010 - 2015),6.348788976197947e-06,onehot
model_Arona,6.331995230204497e-06,onehot
generation_Saloon (2010 - 2017) MK2,6.3179031689010946e-06,onehot
model_i4,6.2437851258974775e-06,onehot
generation_Saloon (2005 - 2014),6.241444035122604e-06,onehot
trim_Type UK,6.191685468875178e-06,onehot
model_718 Boxster,6.176915395008961e-06,onehot
trim_Black,6.123557982833699e-06,onehot
model_A6 Avant,6.067447578510507e-06,onehot
trim_991 Carrera 4S,6.0510311577897265e-06,onehot
generation_Saloon (2007 - 2015) W204,6.035372210334067e-06,onehot
trim_Edition 1,6.027831122967466e-06,onehot
model_8 Series Gran Coupe,5.988957509432158e-06,onehot
trim_ST-Line Edition,5.934611173360197e-06,onehot
trim_Vignale,5.921888690506484e-06,onehot
model_Juke,5.910894698214137e-06,onehot
generation_Convertible (2017 - 2020),5.901080239756487e-06,onehot
plate_age_id_9,5.89715439574162e-06,onehot
trim_xLine,5.893765457174858e-06,onehot
model_Quattroporte,5.865460467444684e-06,onehot
trim_Elegance,5.846343515730666e-06,onehot
generation_Estate (2014 - 2018),5.801583247058832e-06,onehot
model_A4 Avant,5.783910143061237e-06,onehot
model_Mondeo,5.729260598569806e-06,onehot
model_SQ8,5.682029939449065e-06,onehot
trim_SZ5,5.675679358561594e-06,onehot
generation_Hatchback (2010 - 2015) D Facelift,5.657820498854173e-06,onehot
trim_Modena S,5.654480693200851e-06,onehot
trim_Match Edition,5.609224779786138e-06,onehot
trim_GR Circuit,5.590174526097192e-06,onehot
make_Smart,5.586611643687905e-06,onehot
model_SQ5,5.567611082337125e-06,onehot
model_Niro,5.5248382856852106e-06,onehot
trim_Cooper Exclusive,5.505793495997746e-06,onehot
model_i30,5.494169375732898e-06,onehot
model_Yeti,5.424810490888138e-06,onehot
trim_992 Carrera,5.4199126949778285e-06,onehot
generation_Convertible (2022 - ),5.417273632941535e-06,onehot
trim_Carbon Vorsprung,5.3994568160059985e-06,onehot
generation_Saloon (2018 - 2021),5.399249416825823e-06,onehot
model_HR-V,5.342708833806926e-06,onehot
trim_Sport Edition,5.323908800002646e-06,onehot
generation_Estate (2016 - 2020),5.290002395622193e-06,onehot
trim_SV Autobiography Dynamic,5.264265340905757e-06,onehot
trim_EX,5.257316697902644e-06,onehot
model_208,5.226786630452161e-06,onehot
trim_AMG Night Edition,5.218322402071038e-06,onehot
trim_Turbo Performance,5.218016327360914e-06,onehot
model_RS5,5.209068241198074e-06,onehot
model_DB11,5.2029723908131025e-06,onehot
generation_Saloon (2013 - 2018),5.176116451215681e-06,onehot
model_TUCSON,5.100744241017679e-06,onehot
model_LS 500h,5.083703019839225e-06,onehot
generation_MPV (2022 - ),5.081352006832498e-06,onehot
trim_75th Limited Edition,5.069497317498779e-06,onehot
generation_Saloon (2010 - 2015),5.041717529883893e-06,onehot
generation_SUV (2012 - 2016) X166,5.031213396477074e-06,onehot
model_ID.4,5.028100656670977e-06,onehot
trim_SE Tech,5.026122096708741e-06,onehot
model_Corolla,5.015330616390986e-06,onehot
trim_4h,4.9852463262301734e-06,onehot
model_Prius+,4.97723514692528e-06,onehot
generation_Saloon (2013 - 2016),4.976737326621674e-06,onehot
trim_992 Carrera 4S,4.976529806608956e-06,onehot
trim_Family,4.970472932840905e-06,onehot
trim_Premium SE,4.9691443332168855e-06,onehot
trim_60,4.961872139749021e-06,onehot
generation_Convertible (2006 - 2011),4.942881202692153e-06,onehot
model_500,4.940144963635495e-06,onehot
trim_FR Sport,4.909925655935375e-06,onehot
trim_Rubicon,4.907271681373579e-06,onehot
trim_420 R,4.898404649766658e-06,onehot
model_C-Max,4.883479869060641e-06,onehot
generation_Convertible (2020 - ),4.8313412206378775e-06,onehot
model_2008,4.787291748484134e-06,onehot
model_S5,4.776355172466899e-06,onehot
trim_Long Range Plus,4.771299997910459e-06,onehot
generation_Estate (2018 - 2022),4.760121652773348e-06,onehot
model_Z4 M,4.712351839070701e-06,onehot
model_Ateca,4.682043837782003e-06,onehot
generation_SUV (2013 - 2017),4.635893090157033e-06,onehot
generation_MPV (2014 - 2020),4.633198894198105e-06,onehot
trim_Landmark Edition,4.613302327501865e-06,onehot
trim_Turbo S,4.612119688285393e-06,onehot
trim_XCELLENCE,4.605210882794575e-06,onehot
trim_Exclusive,4.578388786350043e-06,onehot
generation_Convertible (2018 - 2020),4.574864665232522e-06,onehot
model_Tarraco,4.55891712907966e-06,onehot
trim_60 Nav Suite,4.532238198319773e-06,onehot
make_Caterham,4.5308882660180135e-06,onehot
generation_Estate (2019 - 2022),4.5059030164744615e-06,onehot
trim_Allure Premium,4.496067261574746e-06,onehot
trim_Cooper Classic,4.478483160093745e-06,onehot
model_S60,4.473357152031316e-06,onehot
generation_Hatchback (2008 - 2013) MK6,4.465306800106887e-06,onehot
make_CUPRA,4.464646352646511e-06,onehot
model_IONIQ,4.458485901493106e-06,onehot
trim_SZ4,4.4432974064854375e-06,onehot
model_Crossland,4.421104155364843e-06,onehot
model_570S,4.419276099936162e-06,onehot
generation_Saloon (2012 - 2015),4.412526425397572e-06,onehot
trim_GTI Clubsport,4.384934806497174e-06,onehot
generation_Saloon (2013 - 2017),4.369030208672433e-06,onehot
trim_Invincible,4.363553213780505e-06,onehot
trim_SRi,4.336493549958581e-06,onehot
generation_Estate (2017 - ),4.312667116641252e-06,onehot
model_LC 500,4.309066067065253e-06,onehot
model_ID. Buzz,4.2756088654847346e-06,onehot
trim_GT-Line S,4.270530845946007e-06,onehot
model_V90,4.263325803681653e-06,onehot
trim_GT Sport Tech,4.231011716200045e-06,onehot
generation_Saloon (2020 - 2022),4.230421975113202e-06,onehot
model_Q8 e-tron,4.2146936266051974e-06,onehot
model_540C,4.203947985832095e-06,onehot
model_XKR,4.189163557614899e-06,onehot
trim_Shine Plus,4.178213294228081e-06,onehot
model_Megane,4.173328113843712e-06,onehot
generation_Hatchback (2015 - ),4.172279438325392e-06,onehot
trim_HST,4.171662470960012e-06,onehot
model_Prius,4.169549770663581e-06,onehot
model_UX 250h,4.162769735252718e-06,onehot
generation_SUV (2009 - 2014) L320 Facelift,4.162400803742771e-06,onehot
generation_Convertible (1990 - ),4.135889024942958e-06,onehot
trim_Dynamique Nav,4.13130646993105e-06,onehot
generation_Hatchback (2013 - 2017),4.124151587227959e-06,onehot
trim_John Cooper Works GP,4.123198856052258e-06,onehot
generation_SUV (2014 - 2018) MK 1,4.118798260264233e-06,onehot
model_V40,4.113074777581724e-06,onehot
model_MX-30,3.950013508476485e-06,onehot
model_XCeed,3.946675549699855e-06,onehot
generation_Estate (2018 - ),3.946446612203256e-06,onehot
generation_Coupe (2013 - 2017) MK1,3.926716991664249e-06,onehot
trim_Legende,3.916834216700435e-06,onehot
model_Exige,3.9081927654006746e-06,onehot
model_e-208,3.9079087842667315e-06,onehot
trim_Max,3.892254944733715e-06,onehot
generation_SUV (2020 -),3.8541781181138115e-06,onehot
trim_Overland,3.8032253678209237e-06,onehot
trim_Ultra Prestige,3.770201632660976e-06,onehot
model_i800,3.7533296181012956e-06,onehot
trim_SE Drive,3.7216126240948056e-06,onehot
model_6 Series Gran Turismo,3.7182776343006573e-06,onehot
model_Corsa-e,3.7010982713908644e-06,onehot
generation_Hatchback (2012 - 2017),3.6910711971331258e-06,onehot
trim_HSE Dynamic Black,3.6804541796930623e-06,onehot
trim_XCELLENCE Lux,3.6684694482983837e-06,onehot
trim_Advance,3.6529054221506505e-06,onehot
generation_Estate (2018 - 2021),3.651766468220277e-06,onehot
plate_age_id_58,3.6456197214696054e-06,onehot
generation_Hatchback (2015 - 2020),3.6313558760091794e-06,onehot
model_Tipo,3.62767313827777e-06,onehot
model_Seven,3.6262507531465794e-06,onehot
model_Ghibli,3.598912855562067e-06,onehot
trim_M Sport Edition,3.5988872121986616e-06,onehot
trim_991 4 GTS,3.5983428164939572e-06,onehot
generation_SUV (2016 - 2019),3.596972795631609e-06,onehot
trim_HSE Black,3.5789970195310366e-06,onehot
model_GLB Class,3.559539121819567e-06,onehot
model_X-Trail,3.553732804194437e-06,onehot
trim_Lounge,3.5537041233891835e-06,onehot
generation_Hatchback (2013 - 2016),3.5369893460408806e-06,onehot
model_IONIQ 5,3.530073811901539e-06,onehot
trim_Edition,3.520660083892118e-06,onehot
trim_ST-Line Vignale,3.518881079991633e-06,onehot
trim_M Sport Shadow Edition,3.518558954570356e-06,onehot
model_e-C4,3.518383826634641e-06,onehot
trim_Feel,3.5180294006853123e-06,onehot
trim_Mulliner,3.5081083574634444e-06,onehot
model_TT,3.4830024384353564e-06,onehot
generation_Saloon (2016 - ),3.431335817647702e-06,onehot
model_718 Spyder,3.423610364753132e-06,onehot
model_Clubman,3.4208792424946067e-06,onehot
generation_Coupe (2006 - 2009),3.4170109785799248e-06,onehot
model_i3,3.3540661188623506e-06,onehot
trim_991 Carrera 4 GTS,3.3512348172919674e-06,onehot
model_S7,3.34476759626224e-06,onehot
model_Granturismo,3.3216370852693648e-06,onehot
trim_987,3.3205324670293187e-06,onehot
generation_Saloon (2013 - 2016) C117,3.3138377233259837e-06,onehot
model_Model 3,3.3029372509091776e-06,onehot
trim_997 Carrera 4S,3.2912158550649496e-06,onehot
trim_Ultimate Bright,3.290789334844452e-06,onehot
trim_Performance Line +,3.27160958247832e-06,onehot
generation_Coupe (2017 - 2021),3.26075747081992e-06,onehot
trim_Chequered Flag,3.2076544383284585e-06,onehot
model_Vanquish,3.196339613235447e-06,onehot
trim_GT Supersports,3.1961869748620157e-06,onehot
trim_Monte Carlo,3.1961848395282912e-06,onehot
trim_Veloce,3.1861898630745997e-06,onehot
model_iX3,3.1723264145999306e-06,onehot
model_Crossland X,3.1578785122714366e-06,onehot
trim_Flying Spur,3.156057067461938e-06,onehot
trim_Titanium Edition,3.1366053920262646e-06,onehot
trim_R-Dynamic,3.124438199992192e-06,onehot
generation_SUV (2009 - 2014),3.1134836775683933e-06,onehot
model_Giulia,3.108724884657647e-06,onehot
generation_Saloon (2017 - ),3.0921138088673343e-06,onehot
generation_Saloon (2013 - 2017) 4H Facelift,3.0905803198063275e-06,onehot
trim_Laurin & Klement,3.081450471580805e-06,onehot
generation_Hatchback (2018 - 2022),3.0744881555004007e-06,onehot
trim_N430,3.0654333164052033e-06,onehot
model_Kamiq,3.062270640256864e-06,onehot
trim_Final Edition,3.0469803205683167e-06,onehot
trim_SE Premium,3.0443036564684164e-06,onehot
generation_Estate (2018 - 2020),3.042966232345798e-06,onehot
trim_CS,3.0231422877301065e-06,onehot
trim_Dynamique TomTom,3.021050387119906e-06,onehot
make_Abarth,3.0174967325519287e-06,onehot
generation_MPV (2018 - 2019),3.00006836699164e-06,onehot
trim_Performance Line,2.9998636789097193e-06,onehot
generation_Coupe (2012 - 2016),2.9800848641120817e-06,onehot
generation_SUV (2011 - 2015) L538,2.967085383592505e-06,onehot
generation_Saloon (2010 - 2013),2.9442551055178306e-06,onehot
trim_Shadow Edition,2.9423057448893345e-06,onehot
model_Rifter,2.931624103889864e-06,onehot
model_V60,2.9221768818531477e-06,onehot
generation_Coupe (2013 - 2017),2.921074877334226e-06,onehot
model_CR-V,2.916301102791334e-06,onehot
trim_Pure,2.90560098434792e-06,onehot
trim_Premium Luxury,2.884321836658452e-06,onehot
trim_987 S,2.879860518282296e-06,onehot
generation_SUV (2009 - 2013) 150 Series,2.8695015129940747e-06,onehot
trim_991 GT3,2.869161841240825e-06,onehot
model_B Class,2.857193263207548e-06,onehot
trim_Icon Tech,2.8133729288044315e-06,onehot
model_RS7,2.8096592693819872e-06,onehot
model_M6 Gran Coupe,2.7938532410624722e-06,onehot
model_S-Max,2.7922045664252236e-06,onehot
model_Flying Spur,2.7830794710436707e-06,onehot
trim_ST-Line X Edition,2.767975259465464e-06,onehot
make_Infiniti,2.7636900057522944e-06,onehot
trim_GTC,2.761199224110254e-06,onehot
trim_N Performance,2.7529546011435006e-06,onehot
trim_ED Plus,2.74139105591021e-06,onehot
model_Fabia,2.738658628207075e-06,onehot
trim_GR SPORT,2.723917918006979e-06,onehot
trim_Allure Premium +,2.7138680057227904e-06,onehot
trim_Westminster Black,2.702028455312031e-06,onehot
generation_Coupe (2005 - 2012) 987,2.699772843637543e-06,onehot
trim_up! GTI,2.6923329440893447e-06,onehot
trim_1ST Edition,2.68810756483764e-06,onehot
trim_Quadrifoglio,2.668665721959296e-06,onehot
trim_4+,2.6678328385130275e-06,onehot
model_108,2.6665073307496923e-06,onehot
trim_Royale,2.66621795470696e-06,onehot
generation_Saloon (2011 - 2015),2.6531015271637605e-06,onehot
trim_Elite,2.6462566924037925e-06,onehot
model_C40,2.6408778658158825e-06,onehot
trim_S Touring,2.639461021006896e-06,onehot
trim_SE Technik,2.638840562572364e-06,onehot
model_GranCabrio,2.6342836731733477e-06,onehot
trim_SE Executive,2.6224129930742074e-06,onehot
trim_SRi Nav Premium,2.6147536797477596e-06,onehot
model_Captur,2.612118134912364e-06,onehot
model_Mazda6,2.6109332297476205e-06,onehot
trim_SE Navigation,2.609171522594935e-06,onehot
generation_SUV (2009 - 2015) 4L Facelift,2.5984851595174383e-06,onehot
trim_Trophy,2.5905636890885252e-06,onehot
generation_SUV (2020 -  ),2.575632722349122e-06,onehot
model_Clio,2.56958034737748e-06,onehot
model_S4 Avant,2.5528927163239363e-06,onehot
generation_SUV (2012 - 2017) B8 Facelift,2.545777718208585e-06,onehot
model_X4 M,2.5397544858248853e-06,onehot
model_MG ZS,2.5292317556588675e-06,onehot
trim_Sport Nav,2.527384241990193e-06,onehot
make_Polestar,2.5232241646325276e-06,onehot
model_Ibiza,2.516794981261517e-06,onehot
trim_Play,2.5045483671774565e-06,onehot
trim_EX Navi,2.4936390166258665e-06,onehot
model_500X,2.4863591824706183e-06,onehot
trim_Exclusive Luxury,2.4755444878083582e-06,onehot
trim_Carpathian Edition,2.4675958740275666e-06,onehot
trim_C,2.4544091831944687e-06,onehot
model_CX-30,2.451146164826505e-06,onehot
trim_S line Plus,2.447103984158824e-06,onehot
trim_GS Line,2.4416036736220717e-06,onehot
trim_SE Edition,2.4295735324087744e-06,onehot
trim_Tekna+,2.4262380132922275e-06,onehot
trim_N Line,2.4107446126864767e-06,onehot
generation_Estate (2012 - 2015),2.4060744581411958e-06,onehot
generation_Estate (2013 - 2017),2.3975802654229435e-06,onehot
generation_Convertible (2004 - 2012) 987,2.391416627901107e-06,onehot
generation_Hatchback (2019 - 2022),2.3910125500930784e-06,onehot
trim_Carbon Edition,2.3827645402444084e-06,onehot
generation_Convertible (2017 - 2021),2.381805173951319e-06,onehot
generation_SUV (2014 - 2017),2.3767262644106624e-06,onehot
model_S4,2.3739363899090603e-06,onehot
generation_Convertible (2003 - 2009) MK 2,2.367378176177133e-06,onehot
trim_Limited,2.346738698670713e-06,onehot
model_Mazda3,2.332141893931696e-06,onehot
trim_Cooper S Exclusive,2.329721064852906e-06,onehot
trim_Sport Nav+,2.3231411465282383e-06,onehot
trim_AMG Edition,2.3186179933109637e-06,onehot
trim_VZ2,2.3137778783716296e-06,onehot
model_570GT,2.3057630432752348e-06,onehot
trim_Landmark,2.303741401030746e-06,onehot
model_DS 4,2.2977163822765126e-06,onehot
trim_Shine,2.297173908071467e-06,onehot
generation_Estate (2015 - 2018),2.2944547707214237e-06,onehot
generation_Coupe (2011 - 2015),2.2845778602968387e-06,onehot
generation_SUV (2013 - 2017) X156,2.2752306631063613e-06,onehot
model_DS 3,2.2690098614201087e-06,onehot
model_2 Series Gran Tourer,2.2650807562722573e-06,onehot
model_RX 450h,2.261796776297843e-06,onehot
model_i20,2.2582787888645807e-06,onehot
model_C3,2.2491658227537203e-06,onehot
trim_Flair Plus,2.2404141945251344e-06,onehot
trim_RED,2.2296688909737885e-06,onehot
model_Convertible,2.2222700086833154e-06,onehot
model_FF,2.218388624101084e-06,onehot
trim_S Edition,2.195318122088475e-06,onehot
generation_Convertible (2010 - 2017),2.1936982668269406e-06,onehot
generation_Convertible (2009 - 2014),2.1927620561105314e-06,onehot
model_Swift,2.1587311133590576e-06,onehot
trim_SportLine Plus,2.156997296744682e-06,onehot
model_A5 Cabriolet,2.1544439710529442e-06,onehot
model_308 SW,2.1522451217812884e-06,onehot
generation_SUV (2011 - 2015) MK1,2.150897586755718e-06,onehot
model_Formentor,2.1374656746046228e-06,onehot
generation_SUV (2013 - 2015) MK 3,2.1340426536597733e-06,onehot
generation_Convertible (2019 - ),2.1336960042924427e-06,onehot
model_M2,2.1331622578182063e-06,onehot
trim_R-Dynamic Black,2.118244772422309e-06,onehot
model_Sandero Stepway,2.1159547413708643e-06,onehot
trim_981 S,2.1155039223293225e-06,onehot
generation_Coupe (2021 - ),2.1001862371744432e-06,onehot
model_Mokka X,2.0945730957683615e-06,onehot
generation_Saloon (2013 - 2016) W212 Facelift,2.087722767302497e-06,onehot
trim_AMG Edition 463,2.085656412885178e-06,onehot
trim_Flair XTR,2.081964314430359e-06,onehot
trim_Cooper Sport,2.076197637978631e-06,onehot
generation_Hatchback (2019 - 2021),2.0709562490917364e-06,onehot
trim_SZ-T,2.0708576692477644e-06,onehot
trim_SE Business,2.042887791488158e-06,onehot
trim_SR,2.0375720789191408e-06,onehot
trim_e+ N-Connecta,2.034683318174592e-06,onehot
model_CX-5,2.031598817096446e-06,onehot
model_Touran,2.0204285749720934e-06,onehot
trim_Dynamic R,2.0118458880172845e-06,onehot
generation_Convertible (2018 - 2022),2.006956351276698e-06,onehot
generation_Coupe (2008 - 2016) MK1 Facelift,2.0027804183885137e-06,onehot
generation_Hatchback (2011 - 2014) MK3,2.001290331679039e-06,onehot
trim_AMG S Night Edition,1.999724090233831e-06,onehot
trim_Roadster,1.9951461661007484e-06,onehot
generation_SUV (2012 - 2018),1.9854183208260897e-06,onehot
model_GT86,1.980491143458305e-06,onehot
trim_Metropolis,1.978474224482888e-06,onehot
generation_Hatchback (2009 - 2015),1.9703263782994543e-06,onehot
trim_Zetec Edition,1.967808185586033e-06,onehot
trim_Trofeo,1.9570891020325086e-06,onehot
make_SsangYong,1.9563141913030927e-06,onehot
trim_Maybach,1.945046913056794e-06,onehot
trim_GX4h,1.9438045649410485e-06,onehot
trim_Cooper D,1.9370064866085244e-06,onehot
trim_Momentum Plus,1.935921910245264e-06,onehot
trim_GT Line Premium,1.9339385999859567e-06,onehot
generation_Coupe (2013 - 2017) C207 Facelift,1.9328764497557933e-06,onehot
trim_Active X,1.931898650628258e-06,onehot
generation_Saloon (2012 - 2017) MK2,1.926482681581552e-06,onehot
generation_Roadster (2016 - 2020),1.9176284409261656e-06,onehot
generation_Convertible (2013 - 2017),1.914821845359014e-06,onehot
trim_Pro,1.913315948812993e-06,onehot
trim_M Sport X,1.910429798536888e-06,onehot
trim_Metropolitan Edition,1.8954106310774538e-06,onehot
trim_AMG Sport Edition,1.892576047210096e-06,onehot
generation_SUV (2007 - 2014),1.8916449706490971e-06,onehot
generation_Hatchback (2011 - 2015),1.8881846967076814e-06,onehot
generation_Saloon (2008 - 2012),1.8821542946795626e-06,onehot
trim_4hs,1.8802231317322445e-06,onehot
trim_997 Turbo S,1.8764899292333427e-06,onehot
model_AMG GT 63,1.8723175590802516e-06,onehot
model_Polestar 2,1.8657498523092316e-06,onehot
model_TTS,1.8566852677424171e-06,onehot
model_Grecale,1.8496718946212141e-06,onehot
trim_Cooper SD,1.848597718811631e-06,onehot
trim_AMG Colour Edition,1.8479992464105793e-06,onehot
model_500e,1.8479537159381403e-06,onehot
model_Stonic,1.8302708321173896e-06,onehot
model_Duster,1.8298931707032208e-06,onehot
trim_SVR Carbon Edition,1.8201846788488344e-06,onehot
generation_MPV (2015 - 2018),1.7947581538254665e-06,onehot
trim_Sport Plus,1.7908951373736507e-06,onehot
generation_Saloon (2016 - 2019),1.7897610193465694e-06,onehot
model_CC,1.779044989776092e-06,onehot
model_F430,1.7785431582084856e-06,onehot
trim_Excite,1.7715054406067383e-06,onehot
model_Ignis,1.7641006860800308e-06,onehot
generation_Saloon (2008 - 2013),1.7638340375470857e-06,onehot
model_Ceed,1.7445292414591127e-06,onehot
trim_Premium Sport Edition,1.7348820938358647e-06,onehot
trim_Trend,1.7247440318939375e-06,onehot
trim_Juro,1.7110165480631532e-06,onehot
generation_SUV (2009 - 2013) L322 Facelift,1.7109858132933333e-06,onehot
generation_Hatchback (2009 - 2014) MK5,1.7054160790826929e-06,onehot
model_508,1.7053417882522561e-06,onehot
generation_Estate (2014 - ),1.6981921360784502e-06,onehot
generation_Estate (2016 - 2018),1.6814230788495848e-06,onehot
model_M Class,1.673432515511439e-06,onehot
trim_SE Pro,1.6717928756714237e-06,onehot
model_Micra,1.6657151773122768e-06,onehot
model_Maybach S Class,1.66520392708781e-06,onehot
trim_Touring,1.6651997930657695e-06,onehot
trim_Longitude,1.662787789671846e-06,onehot
generation_Hatchback (2013 - 2017) MK1 Facelift,1.659937352759471e-06,onehot
trim_997 Carrera GTS,1.655592608405671e-06,onehot
generation_SUV (2010 - 2014) MK3,1.6555146362630923e-06,onehot
generation_SUV (2015 - 2022),1.6456037812658527e-06,onehot
trim_400,1.643678968757601e-06,onehot
trim_S line Style Edition,1.6431488076331892e-06,onehot
model_XKR-S,1.642741722479065e-06,onehot
model_EV6,1.63873886634562e-06,onehot
trim_Renaultsport,1.6305799783456776e-06,onehot
generation_MPV (2019 - ),1.6277533888100877e-06,onehot
trim_Colour Edition,1.6251242206444933e-06,onehot
model_Cherokee,1.6249777912523242e-06,onehot
generation_Hatchback (2009 - 2014) MK1,1.619821508239558e-06,onehot
model_Sorento,1.619202771783398e-06,onehot
make_INEOS,1.6185155421272427e-06,onehot
trim_Modena,1.6061201376531715e-06,onehot
model_i10,1.6023731230429974e-06,onehot
model_fortwo,1.5984137722603385e-06,onehot
generation_Hatchback (2005 - 2012) MK 8,1.5932656738352574e-06,onehot
generation_Hatchback (2011 - 2016),1.5806970678606948e-06,onehot
model_2 Series Gran Coupe,1.5741429207029877e-06,onehot
model_Q50,1.5734050469068215e-06,onehot
trim_80x SportLine Plus,1.5700169946728694e-06,onehot
trim_Pop,1.566112492471506e-06,onehot
model_Forester,1.5623693593652154e-06,onehot
generation_Hatchback (2011 - 2015) MK 3,1.5605479539263702e-06,onehot
model_C3 Aircross,1.5588635589811978e-06,onehot
model_MX-5,1.5558851865303867e-06,onehot
trim_VTR+,1.5518428715737074e-06,onehot
model_Soul,1.5498025112995783e-06,onehot
trim_Momentum Pro,1.5438273400006448e-06,onehot
trim_AMG PETRONAS 2015 World Champion Edition,1.5303413444459474e-06,onehot
model_3 Series Gran Turismo,1.5213422593516926e-06,onehot
model_V60 Cross Country,1.5191864469001688e-06,onehot
model_e-up!,1.5116743809185804e-06,onehot
generation_MPV (2015 - ),1.5103563821038004e-06,onehot
trim_LC4,1.506466948636782e-06,onehot
model_Scirocco,1.5057539635300404e-06,onehot
trim_Sport Lux,1.501484119803105e-06,onehot
trim_SRi VX Line Nav,1.4888912544871541e-06,onehot
trim_Crosstar EX,1.4835856624896674e-06,onehot
model_Partner Tepee,1.4785613140105347e-06,onehot
generation_Convertible (2015 - ),1.4759808178950124e-06,onehot
generation_SUV (2006 - 2014),1.4732978402365066e-06,onehot
model_Ariya,1.4633307280635259e-06,onehot
trim_Tech Line Nav,1.4582470053980958e-06,onehot
generation_MPV (2010 - 2015) MK2,1.4560507757963443e-06,onehot
generation_Convertible (2005 - 2011),1.4557741564255715e-06,onehot
trim_Titanium X Sport,1.439509863859151e-06,onehot
model_Korando,1.420209792179789e-06,onehot
model_CT 200h,1.4184139167518073e-06,onehot
generation_Estate (2012 - 2014) C7,1.4124893418191925e-06,onehot
model_Cascada,1.4078052513765131e-06,onehot
model_up!,1.4037602527120248e-06,onehot
trim_Sport 350,1.3990723891776181e-06,onehot
trim_GTI Clubsport 40,1.3981116612611196e-06,onehot
generation_SUV (2013 - 2020),1.3939108909786225e-06,onehot
generation_MPV (2008 - 2015) MK2,1.3915370776365851e-06,onehot
model_Giulietta,1.391447031495389e-06,onehot
trim_GT Sport,1.3906879718652448e-06,onehot
trim_GTE,1.3889932004870254e-06,onehot
generation_Saloon (2003 - 2013),1.3816913210393326e-06,onehot
trim_SE Lux Nav,1.373902784700875e-06,onehot
trim_Dynamique S Nav,1.3728920559546336e-06,onehot
generation_Saloon (2015 - 2017),1.3674250192680487e-06,onehot
trim_e+ 3.Zero,1.3669349060303183e-06,onehot
trim_VTR,1.364668631001562e-06,onehot
trim_XPERIENCE Lux,1.3617286203660689e-06,onehot
generation_SUV (2012 - 2015),1.3573297616827638e-06,onehot
model_C4,1.3561461304305694e-06,onehot
generation_Estate (2017 - 2022),1.3556184604224183e-06,onehot
generation_SUV (1998 - 2013),1.3554427303016085e-06,onehot
trim_n-tec,1.3539948223070443e-06,onehot
model_4C,1.350937071355661e-06,onehot
generation_Convertible (2014 - 2017),1.3506161887410326e-06,onehot
model_Renegade,1.3478987113127063e-06,onehot
model_SLK,1.3464866319878901e-06,onehot
trim_30,1.3383818898432385e-06,onehot
model_Picanto,1.3356675818576232e-06,onehot
trim_Cupra K1,1.3266114750487647e-06,onehot
trim_Griffin,1.3263123742621015e-06,onehot
trim_Active X Edition,1.3245253965083362e-06,onehot
trim_Limited Edition 500,1.3235353674910381e-06,onehot
model_forfour,1.3234339970438967e-06,onehot
trim_One,1.3223377816302577e-06,onehot
trim_Sprint,1.3169073100782109e-06,onehot
trim_e-tron,1.3071314298508197e-06,onehot
model_Auris,1.3069516868662922e-06,onehot
trim_997 Black Edition,1.3021129028463293e-06,onehot
trim_United,1.298463151338365e-06,onehot
trim_1,1.289636498337393e-06,onehot
generation_Coupe (2019 - 2022),1.2828313883466565e-06,onehot
trim_GranSport Nerissimo,1.278079799377574e-06,onehot
generation_Convertible (2018 - 2021),1.275665434954429e-06,onehot
model_XV,1.2700418632719207e-06,onehot
trim_Signature Nav,1.2563671855396778e-06,onehot
generation_MPV (2016 - 2018),1.2532969298666836e-06,onehot
generation_Hatchback (2010 - 2015),1.2525121115303981e-06,onehot
trim_Elite Premium,1.2496444307983102e-06,onehot
trim_Evolve,1.249141086927782e-06,onehot
trim_Comfort,1.2486888682125615e-06,onehot
generation_Convertible (2013 - 2018),1.2383633351056965e-06,onehot
generation_Estate (2013 - 2018),1.2331373066593265e-06,onehot
trim_e+ Tekna,1.2283957805921253e-06,onehot
trim_XS,1.228329122216675e-06,onehot
generation_Saloon (2013 - 2016) F10 Facelift,1.2274381717081574e-06,onehot
trim_ST,1.220772436239211e-06,onehot
model_Grand Cherokee,1.2159622114188497e-06,onehot
trim_M Sport Pro,1.210393929641616e-06,onehot
generation_Convertible (2010 - 2014),1.2100747366773857e-06,onehot
generation_Saloon (2010 - 2014),1.2094382571020734e-06,onehot
model_RX L 450h,1.2092815062214447e-06,onehot
generation_Hatchback (2020 - 2022),1.208562706273795e-06,onehot
trim_HSE Dynamic Lux,1.204717271709415e-06,onehot
generation_Estate (2020 - 2022),1.203007623102957e-06,onehot
model_GL Class,1.1935660732136064e-06,onehot
trim_SE Lux,1.1925885620978993e-06,onehot
generation_Saloon (2014 - 2019),1.1897618433810166e-06,onehot
model_Rio,1.1893624678970237e-06,onehot
generation_Saloon (2011 - 2016) B8 Facelift,1.1851327509637432e-06,onehot
trim_SRi Premium,1.1824872797864996e-06,onehot
model_Model Y,1.1819610501846176e-06,onehot
generation_SUV (2012 - 2017) W166,1.1800233312553664e-06,onehot
trim_991 Carrera 4,1.1751799370040342e-06,onehot
generation_Hatchback (2011 - 2015) 8P Facelift,1.1735848509795089e-06,onehot
generation_SUV (2018 - 2019),1.1711284272144022e-06,onehot
generation_Convertible (2021 - ),1.1658941480642372e-06,onehot
trim_Speciale,1.1650620449254413e-06,onehot
generation_Hatchback (2012 - 2018),1.1648931337905719e-06,onehot
trim_T Spirit,1.1631394128260714e-06,onehot
trim_Ultimate Nav,1.1619770834281072e-06,onehot
trim_987 R,1.1613323873898046e-06,onehot
trim_R-Design Lux Nav,1.1596653829091667e-06,onehot
trim_Championship Edition,1.1585617488288715e-06,onehot
model_Eclipse Cross,1.1574589915416178e-06,onehot
trim_R-Design Plus,1.1532827145983373e-06,onehot
trim_Supersports,1.1505627779677462e-06,onehot
make_Chevrolet,1.1479686503191381e-06,onehot
generation_Estate (2014  - 2019),1.1408001480462838e-06,onehot
trim_Titanium X Edition,1.1364444982770906e-06,onehot
trim_GranSport,1.1345495826315352e-06,onehot
trim_Fieldmaster Edition,1.1327690903272498e-06,onehot
generation_MPV (2014 - 2018),1.1317759450633286e-06,onehot
model_S2000,1.129263665211207e-06,onehot
model_Meriva,1.1245784914194073e-06,onehot
trim_SE Plus,1.1241018161065915e-06,onehot
trim_C-Series Edition,1.1201099930955225e-06,onehot
generation_Saloon (2002 - 2009),1.115695250959684e-06,onehot
trim_80 Loft,1.1117892492096065e-06,onehot
model_AYGO,1.0960845080757168e-06,onehot
trim_Energy,1.0940984337738783e-06,onehot
generation_Estate (2013 - 2016) S212 Facelift,1.0922300908823292e-06,onehot
generation_Coupe (2011 - 2018),1.0840027575737004e-06,onehot
model_A4 Allroad,1.0830038729408352e-06,onehot
trim_ST-Line Design 2,1.0746587902420637e-06,onehot
trim_Passion,1.0737684181821313e-06,onehot
trim_SE L Executive,1.0729413781871472e-06,onehot
trim_MC Stradale,1.071063251976359e-06,onehot
trim_Rivoli,1.069097685211246e-06,onehot
trim_M Sport Plus Edition,1.0682595231489978e-06,onehot
generation_Estate (2018 - 2019),1.0669592706370748e-06,onehot
trim_XE Premium,1.066428217456149e-06,onehot
trim_Elite Nav Premium,1.0614590976450104e-06,onehot
trim_GTC Supersports,1.059889481831223e-06,onehot
model_EQE,1.0598572062518305e-06,onehot
generation_Saloon (1991 - 1998) E36,1.0580389417124837e-06,onehot
model_EQB,1.0551834089256645e-06,onehot
generation_Convertible (2011 - 2016) R172,1.0516042832136162e-06,onehot
trim_Tech Edition,1.051430072776249e-06,onehot
model_500X Dolcevita,1.050878296372399e-06,onehot
trim_S Centenary,1.0506673044026574e-06,onehot
trim_30 Jahre Edition,1.048043917707977e-06,onehot
trim_vRS Limited Edition,1.0450251672378143e-06,onehot
trim_X-Line S,1.0426919836602652e-06,onehot
generation_Hatchback (2012 - ),1.0405231443743184e-06,onehot
trim_HSE Silver,1.0326153903482104e-06,onehot
trim_Premiere Edition,1.0272640825515216e-06,onehot
trim_GTI TCR,1.0209362824104164e-06,onehot
trim_SE-L Nav,1.0201048890874748e-06,onehot
generation_MPV (2015 - 2021),1.0179268708468198e-06,onehot
model_DS 9,1.0166282879293185e-06,onehot
model_Honda E,1.0132407527358433e-06,onehot
trim_BlueGT,1.0129239171006831e-06,onehot
model_Vitara,1.0078582063654866e-06,onehot
trim_Zetec S,1.0030976260018572e-06,onehot
model_Virage,1.0025287308218462e-06,onehot
model_MG HS,1.0008759044379542e-06,onehot
model_Sharan,9.984625501082628e-07,onehot
trim_Access,9.971281786757918e-07,onehot
trim_XJ50,9.963074022455075e-07,onehot
trim_M Sport Pro Edition,9.96015383050404e-07,onehot
trim_Limited Edition,9.855933266252959e-07,onehot
model_Astra GTC,9.841627130683966e-07,onehot
trim_Titanium Design,9.841235964127764e-07,onehot
generation_Estate (2016 - 2021),9.799589214586377e-07,onehot
generation_SUV (2011 - 2016) MK1 Facelift,9.789174873144926e-07,onehot
model_Galaxy,9.75510099020873e-07,onehot
model_650S,9.619693515372293e-07,onehot
model_V40 Cross Country,9.598862141774992e-07,onehot
trim_R36,9.552852648937257e-07,onehot
trim_GT Speed,9.54629161073104e-07,onehot
generation_SUV (2014 - 2018) MK 3,9.519780690525905e-07,onehot
trim_Executive Edition,9.511473419221465e-07,onehot
model_ES 300h,9.485686113585621e-07,onehot
trim_Core,9.419798030179706e-07,onehot
trim_Executive,9.417181774688498e-07,onehot
model_Panda,9.413744638376575e-07,onehot
generation_Coupe (2009 - 2012),9.405827662336806e-07,onehot
trim_Utility,9.397113991161975e-07,onehot
trim_R-Design Nav,9.381127723645897e-07,onehot
generation_Hatchback (2014 - 2017) MK3 Facelift,9.352955455322415e-07,onehot
trim_Nogaro Edition,9.319696555085584e-07,onehot
model_XK,9.290641635467885e-07,onehot
trim_e-up!,9.282832178954685e-07,onehot
generation_Coupe (2022 - ),9.280515428114385e-07,onehot
trim_Ember Special Edition,9.278555204193808e-07,onehot
model_595,9.245322731552122e-07,onehot
model_Mazda2,9.203347105255073e-07,onehot
model_Beetle,9.201509503863099e-07,onehot
generation_Coupe (2011 - 2017) B8 Facelift,9.17430889053489e-07,onehot
trim_Cooper S Classic,9.13733326015768e-07,onehot
trim_Super,9.109936327120959e-07,onehot
generation_Coupe (2010 - 2015) MK2 Facelift,9.09781588837804e-07,onehot
trim_Trailhawk,9.047273881756266e-07,onehot
model_Grand C-Max,9.020318891635757e-07,onehot
model_Across,8.992863697139309e-07,onehot
generation_Convertible (2019 - 2022),8.991223301201875e-07,onehot
generation_Convertible (2011 - 2014),8.988371689250433e-07,onehot
trim_Exclusive Edition,8.95980825515492e-07,onehot
trim_Executive SE,8.941120084887135e-07,onehot
trim_S line Sport Edition,8.920214291570883e-07,onehot
generation_Convertible (2015 - 2017),8.914871933032413e-07,onehot
trim_Rivoli +,8.90841105626166e-07,onehot
trim_x-play,8.899593397661343e-07,onehot
generation_Convertible (2012 - 2015),8.87832734408566e-07,onehot
generation_Hatchback (2008 - 2013),8.865810565146349e-07,onehot
trim_SE Connect,8.810305311352758e-07,onehot
generation_Saloon (2018 - 2019),8.803508347387778e-07,onehot
model_SLC,8.790886274980535e-07,onehot
model_Zafira Tourer,8.745701154749726e-07,onehot
trim_Nismo,8.71401954785512e-07,onehot
trim_VXR,8.656426162325857e-07,onehot
generation_Coupe (2011 - 2015) MK1,8.610646488095671e-07,onehot
trim_Premium Black,8.60946235178799e-07,onehot
model_MG5,8.602192030876926e-07,onehot
model_S1,8.596175827655197e-07,onehot
generation_SUV (2016 - 2022),8.566268069185683e-07,onehot
trim_Business Edition,8.554091831355553e-07,onehot
trim_Exclusiv,8.542130435167611e-07,onehot
generation_Coupe (2011 - 2016),8.524757213807612e-07,onehot
generation_Convertible (2017 - ),8.503910075068324e-07,onehot
trim_SE Business Edition,8.490821885909927e-07,onehot
trim_Turismo,8.432713542433583e-07,onehot
generation_Saloon (2016 - 2018 ),8.404371688904437e-07,onehot
trim_GS,8.396065299572069e-07,onehot
generation_SUV (2012 - 2017),8.371822243763461e-07,onehot
model_Santa Fe,8.332074939889338e-07,onehot
trim_992 Carrera 4,8.319260115106483e-07,onehot
trim_Night Eagle,8.275681863421561e-07,onehot
generation_SUV (2008 - 2012) W164 Facelift,8.254095826541236e-07,onehot
model_C4 Picasso,8.203523734711485e-07,onehot
model_B-Max,8.156221411121169e-07,onehot
generation_SUV (2014 - 2016),8.153852710049322e-07,onehot
generation_Hatchback (2016 - 2018),8.091002178521399e-07,onehot
generation_Hatchback (2012 - 2015 ),8.074393302821247e-07,onehot
trim_Edge,8.039193750087796e-07,onehot
trim_Style Edition,7.998111327446031e-07,onehot
model_RC 300h,7.932687972177912e-07,onehot
trim_Exceed,7.926184171446254e-07,onehot
trim_SRi VX Line,7.918294462510941e-07,onehot
model_SX4 S-Cross,7.911802066183688e-07,onehot
trim_Level 3,7.905743468545947e-07,onehot
trim_SE Navi,7.840919676138385e-07,onehot
trim_FR Edition,7.839055702240675e-07,onehot
generation_Estate (2010 - 2015),7.776386005072691e-07,onehot
model_Freelander 2,7.732785985931204e-07,onehot
generation_Hatchback (2010 - 2017) MK3,7.720717322437182e-07,onehot
model_Note,7.677948047107565e-07,onehot
trim_designo Line,7.677051802591054e-07,onehot
generation_Estate (2008 - 2012),7.676350016039825e-07,onehot
trim_Design Nav,7.664297979344754e-07,onehot
generation_MPV (2012 - 2017),7.653258319452366e-07,onehot
trim_Autobiography Sport,7.639576721598544e-07,onehot
model_Grand C4 Picasso,7.624811588436346e-07,onehot
model_Evora,7.611426097026697e-07,onehot
trim_400 Sport,7.60217304822393e-07,onehot
trim_R-Design Edition,7.575681802840496e-07,onehot
model_Born,7.574247569193092e-07,onehot
trim_DStyle,7.569457792389677e-07,onehot
generation_Hatchback (2009 - 2013),7.544124396816293e-07,onehot
trim_80 Suite,7.525090520737175e-07,onehot
generation_Hatchback (2012 - 2016) MK3,7.509671481379542e-07,onehot
trim_Protonic Red Edition,7.504206916353333e-07,onehot
trim_N,7.481645245759739e-07,onehot
generation_Convertible (2006 - 2015) MK2,7.471692288694953e-07,onehot
trim_Active 1,7.457003905059348e-07,onehot
model_DBS,7.416479542410084e-07,onehot
generation_Hatchback (2014 - 2017),7.412426372779097e-07,onehot
trim_Sport 390 Final Edition,7.407700740390461e-07,onehot
model_508 SW,7.392148596855402e-07,onehot
generation_SUV (2008 - 2013),7.386879779137671e-07,onehot
trim_Business Edition Plus,7.341729709167196e-07,onehot
trim_Griffin Edition,7.311271819176254e-07,onehot
trim_Premier,7.259005048405205e-07,onehot
trim_RS Line,7.234205969509091e-07,onehot
generation_Hatchback (2008 - 2014) MK3,7.191667685128546e-07,onehot
trim_ELX,7.189085531243367e-07,onehot
trim_X-Line,7.165232572825689e-07,onehot
generation_Saloon (2009 - 2012) W212,7.155334480868269e-07,onehot
generation_Saloon  (2011 - 2014) C218,7.152819982964373e-07,onehot
model_DS 5,7.142133381881103e-07,onehot
trim_GTI+,7.109502447393835e-07,onehot
model_IS 300,7.075242704165557e-07,onehot
generation_SUV (2010 - 2013),7.038188941138978e-07,onehot
generation_Hatchback (2008 - 2014) MK7,7.015340655673086e-07,onehot
trim_n-tec+,6.962584015537364e-07,onehot
generation_Convertible (2005 - 2014),6.955345788600664e-07,onehot
trim_Black Edition Plus,6.911613879327257e-07,onehot
generation_Coupe (2012 - 2018) MK 1,6.904332656304078e-07,onehot
trim_GT4,6.895409946922717e-07,onehot
trim_V1,6.881532420426225e-07,onehot
trim_SE Family,6.877646254662402e-07,onehot
generation_Hatchback (2010 - 2016),6.853708303407855e-07,onehot
generation_Hatchback (2008 - 2014) MK 1,6.843693150257698e-07,onehot
trim_Westminster,6.812407623605377e-07,onehot
trim_MC,6.810460076614427e-07,onehot
generation_Saloon (2005 - 2011),6.796594851680768e-07,onehot
trim_FR Technology,6.795466459855877e-07,onehot
generation_Hatchback (2011 - 2014),6.733993061776246e-07,onehot
generation_Coupe (2006 - 2012) C216,6.726828811439668e-07,onehot
model_Q30,6.68112747273364e-07,onehot
generation_Coupe (2008 - 2013),6.679341472282233e-07,onehot
model_370 Z,6.650841903921893e-07,onehot
generation_MPV (2013 - 2017) MK 3,6.625228274723185e-07,onehot
trim_Sense Plus,6.62323591086666e-07,onehot
trim_Turbo GT,6.608887567930043e-07,onehot
model_RCZ,6.586647943348769e-07,onehot
trim_991 4S,6.571422695475114e-07,onehot
trim_Ultimate Dark,6.570501971954865e-07,onehot
model_CX-60,6.562272370078735e-07,onehot
generation_Estate (2007 - 2012),6.557667159729577e-07,onehot
trim_SE L First Edition,6.554866966331744e-07,onehot
trim_5hs,6.528695416795556e-07,onehot
generation_SUV (2011 - 2014),6.496298117338991e-07,onehot
generation_Estate (2013 - 2016),6.468597869033421e-07,onehot
model_QX50,6.444334103222626e-07,onehot
trim_Inscription Plus,6.441241425882532e-07,onehot
model_Combo Life,6.434714044158811e-07,onehot
generation_Hatchback (2014 - 2014) MK1,6.391765635069372e-07,onehot
generation_Hatchback (2011 - 2015) MK 9,6.367647750800177e-07,onehot
trim_007 Edition,6.36156091801935e-07,onehot
generation_Convertible (2006 - 2012) R230 Facelift,6.360963505177319e-07,onehot
generation_SUV (2010 - 2017),6.337616682692324e-07,onehot
model_C1,6.337576234099969e-07,onehot
model_Verso,6.322234886794474e-07,onehot
model_RC F,6.309621413442412e-07,onehot
model_MX-5 RF,6.292220529930566e-07,onehot
trim_ST-Line Black,6.284166401369311e-07,onehot
trim_Cross Plus,6.281769207515459e-07,onehot
model_207,6.246586797459944e-07,onehot
model_Scala,6.21100409130927e-07,onehot
model_DS 4 CROSSBACK,6.198951747183025e-07,onehot
trim_City,6.157025458471703e-07,onehot
generation_SUV (2007 - 2012),6.114478736487421e-07,onehot
trim_SRi VX Line Nav Black,6.105566991812458e-07,onehot
model_A3 Cabriolet,6.10470837142428e-07,onehot
trim_5h,6.089931267507608e-07,onehot
trim_GT Edition,6.081444128699841e-07,onehot
generation_Estate (2011 - 2014) C7,6.051389287437389e-07,onehot
trim_SV Autobiography,6.032654929022546e-07,onehot
trim_Moda,6.01234525830477e-07,onehot
trim_SE Line,6.00106909741717e-07,onehot
trim_Cooper SE Exclusive,5.993707648039654e-07,onehot
model_Taigo,5.991911403107553e-07,onehot
model_XC70,5.98401657645502e-07,onehot
trim_Air,5.97568317389882e-07,onehot
model_Grandland,5.903897536234773e-07,onehot
generation_Hatchback (2007 -  2012),5.894462160623866e-07,onehot
generation_Hatchback (2016 - 2022),5.848888506065796e-07,onehot
generation_Convertible (2009 - 2013),5.832721453862589e-07,onehot
trim_Elite Edition,5.825349335258318e-07,onehot
trim_ES,5.823892298154473e-07,onehot
model_Outback,5.816706380890822e-07,onehot
trim_Edizione Maserati,5.795276314159386e-07,onehot
generation_Saloon (2019 - 2021),5.79443172133885e-07,onehot
trim_SE Dynamic,5.78039658398371e-07,onehot
generation_Estate (2010 - 2014),5.777459188484343e-07,onehot
generation_Hatchback (2008 - 2016) MK2,5.77457231772756e-07,onehot
trim_ST-Line X First Edition,5.762626034109154e-07,onehot
trim_GTE Advance,5.761059929161781e-07,onehot
generation_Convertible (2006 - 2016),5.740658978520798e-07,onehot
trim_GT Sport Nav+,5.736965113871778e-07,onehot
trim_Passion Advanced,5.702746930488576e-07,onehot
trim_Platinum,5.698093462488312e-07,onehot
trim_80 SportLine,5.695459377931315e-07,onehot
generation_Convertible (2013 - 2017) MK1,5.675887275118977e-07,onehot
generation_Coupe (2013 - 2018),5.669261803750523e-07,onehot
generation_Convertible (2011 - 2016) MK6,5.665134053792789e-07,onehot
generation_Coupe (2012 - 2015) MK2,5.661963524825066e-07,onehot
trim_Aero,5.654738328834463e-07,onehot
trim_SZ3,5.648788188685252e-07,onehot
generation_Hatchback (2008 -2016),5.637941492841926e-07,onehot
trim_GT Line +,5.620631078322532e-07,onehot
generation_Hatchback (2008 - 2013) 8P Facelift,5.610740114592635e-07,onehot
model_FX,5.604235338745742e-07,onehot
model_Golf SV,5.590951350844642e-07,onehot
trim_997 Turbo,5.589905683901953e-07,onehot
model_ProCeed,5.588981391846188e-07,onehot
trim_Essential,5.55828558626529e-07,onehot
generation_Convertible (2012 - 2016) MK2,5.534802727812305e-07,onehot
trim_Sport Tech,5.512426108526695e-07,onehot
trim_ST-Line First Edition,5.499471062803305e-07,onehot
trim_SE-L,5.498144660813857e-07,onehot
generation_Hatchback (2005 - 2012) MK2,5.481014838918945e-07,onehot
model_CX-3,5.462864985142895e-07,onehot
generation_MPV (2015 - 2018) MK2 Facelift 2,5.454563214955604e-07,onehot
trim_Cross,5.4391682797521e-07,onehot
trim_Active Edition,5.4219457468879e-07,onehot
trim_Dark Shadow Edition,5.418992608884468e-07,onehot
model_595C,5.410176161239041e-07,onehot
generation_Estate (2012 - 2014),5.390261151653893e-07,onehot
trim_T4,5.37083957709447e-07,onehot
trim_Cooper D Sport,5.343811956224282e-07,onehot
generation_SUV (2009 - 2013) MK 1,5.341072792450047e-07,onehot
trim_M Mesh Edition,5.339359403235802e-07,onehot
trim_Cooper SE Classic,5.335617467269384e-07,onehot
trim_LT,5.311528490339192e-07,onehot
generation_Hatchback (2008 - 2015) MK 2,5.31060296437736e-07,onehot
trim_VZ1,5.300479088870082e-07,onehot
model_i40,5.28316825623054e-07,onehot
trim_Visia,5.28296021185515e-07,onehot
trim_WRX STi Type UK,5.276974475469053e-07,onehot
generation_Saloon (2013 - 2015),5.26580228747647e-07,onehot
model_Ka,5.262136970243695e-07,onehot
generation_SUV (2010 - 2017) MK2,5.251040272533661e-07,onehot
generation_Coupe (2006 - 2016),5.236269325828775e-07,onehot
trim_x-trend,5.188321346166154e-07,onehot
generation_Coupe (2011 - 2013),5.18647486185859e-07,onehot
trim_x-cite,5.178067647391827e-07,onehot
trim_V2,5.12959454991749e-07,onehot
model_Pulsar,5.108083585945774e-07,onehot
trim_Milano Edizione,5.105741466272366e-07,onehot
generation_MPV (2011 - 2016) MK1,5.088960649361045e-07,onehot
model_Antara,5.069825820547835e-07,onehot
generation_Convertible (2011 - 2017),5.062672780211687e-07,onehot
model_RX 350h,5.05726011910994e-07,onehot
generation_Estate (2011 - 2014) MK3,5.003936438142444e-07,onehot
generation_Coupe (2018 - 2021),4.990431619713248e-07,onehot
generation_SUV (2011 - 2016) MK 2,4.985036866109441e-07,onehot
trim_AMG Touring,4.962061276428271e-07,onehot
trim_Sport Executive,4.948964825753564e-07,onehot
trim_GranLusso,4.947319775094356e-07,onehot
trim_SXi,4.945062120711309e-07,onehot
model_A6 Allroad,4.914759992959606e-07,onehot
generation_Estate (2012 - 2016) X250,4.89285321302766e-07,onehot
model_695C,4.876183251710599e-07,onehot
trim_Trocadero,4.843063528336616e-07,onehot
trim_Cooper SE,4.82951625396369e-07,onehot
trim_4 Platinum Edition,4.823034068662228e-07,onehot
trim_Signature,4.822526122451629e-07,onehot
model_Doblo,4.817215071628197e-07,onehot
model_DS3,4.813957731613476e-07,onehot
trim_Sport Plus Edition,4.793681802686593e-07,onehot
generation_Hatchback (2013 - 2017) MK2 Facelift,4.772034128503597e-07,onehot
generation_MPV (2012 - 2015) MK 2,4.7139563817177093e-07,onehot
trim_Business Edition Nav,4.707597908372629e-07,onehot
generation_MPV (2011 - 2015) W246 & W242,4.6537812917620106e-07,onehot
generation_Coupe (2013 - 2020),4.6437452063440646e-07,onehot
generation_Estate (2011 - 2016) B8 Facelift,4.6227694767304504e-07,onehot
generation_Convertible (2010 - 2017)  R57 Facelift,4.614339856617987e-07,onehot
make_Genesis Motor,4.604755016129942e-07,onehot
trim_Adventure,4.598190163194579e-07,onehot
trim_AMG Edition 125,4.5944097535926345e-07,onehot
generation_SUV (2018 -2022 ),4.585822581233925e-07,onehot
trim_Carbon Edition Black,4.579756882352685e-07,onehot
trim_Connected Chic,4.570204069392044e-07,onehot
trim_Sport Nerissimo,4.5632870608512366e-07,onehot
model_GV70,4.5592747038687967e-07,onehot
trim_Sport 410,4.5524782784957914e-07,onehot
trim_Techno,4.552125971960019e-07,onehot
model_S6 Avant,4.542127707104211e-07,onehot
model_Optima,4.5055521399977314e-07,onehot
generation_Convertible (2012 -),4.505494536032247e-07,onehot
generation_MPV (2013 - 2019) MK2,4.4913708974605596e-07,onehot
generation_Coupe (2018 - 2020),4.4797339769030877e-07,onehot
model_Alhambra,4.463685697924044e-07,onehot
trim_Advance Style,4.453742776017308e-07,onehot
generation_Hatchback (2015 - 2021),4.4507354342829066e-07,onehot
generation_MPV (2010 - 2014) MK1 Facelift,4.4306198794554495e-07,onehot
generation_MPV (2017 - 2021),4.4159578915954666e-07,onehot
generation_Estate (2013 - 2017) MK 1 Facelift,4.403925260454551e-07,onehot
generation_Coupe (2014 - 2018) MK 1,4.399618085005252e-07,onehot
model_Punto,4.3975180033163703e-07,onehot
model_S6 Saloon,4.3905551164363173e-07,onehot
trim_XE,4.3615589937610143e-07,onehot
generation_SUV (2015 - 2017),4.342008697088489e-07,onehot
generation_Saloon (2014 - ),4.3369585370069595e-07,onehot
trim_High up!,4.318873949253963e-07,onehot
model_Emira,4.313782435313735e-07,onehot
generation_SUV (2006 - 2011),4.3020383858764216e-07,onehot
generation_Coupe (2006 - 2011),4.29624409910848e-07,onehot
trim_Resolute Edition,4.2764778158618597e-07,onehot
model_Impreza,4.2722749923626716e-07,onehot
trim_SE-L Lux,4.251494028587341e-07,onehot
generation_Hatchback (2015 - 2017) MK4 Facelift 2,4.2419686615755666e-07,onehot
model_Grand C4 SpaceTourer,4.23529861280625e-07,onehot
trim_Cupra R ST,4.229499320981191e-07,onehot
trim_KX-3,4.220807485664261e-07,onehot
trim_R-Line Edition,4.181662928740729e-07,onehot
trim_La Premiere,4.160821979070568e-07,onehot
generation_Estate (2010 - 2013) S212,4.157569469303615e-07,onehot
trim_Cooper S Shadow Edition,4.1546351573154343e-07,onehot
model_500C,4.145275177988619e-07,onehot
model_ADAM,4.0834621594283503e-07,onehot
trim_SE-L Nav+,4.0688086421333823e-07,onehot
trim_Pure Tech,4.059949139324329e-07,onehot
trim_R.S.300 Trophy,4.056764255548569e-07,onehot
trim_Graphite,4.054779672252417e-07,onehot
model_DS5,4.0433312607606253e-07,onehot
trim_Titanium First Edition,4.0404179402400916e-07,onehot
trim_Cooper SE Sport,4.0350514532082364e-07,onehot
model_CUPRA Ateca,4.0344427443818355e-07,onehot
trim_beats,4.024098726019454e-07,onehot
trim_TR,4.0216510927766243e-07,onehot
generation_Hatchback (2014 - 2020),4.0099178669498425e-07,onehot
trim_Move up!,3.999248063067087e-07,onehot
trim_e+ n-tec,3.992686166979447e-07,onehot
trim_RX,3.9806343290656545e-07,onehot
trim_City Cross,3.976519580816912e-07,onehot
trim_ED Sport,3.9456629929450217e-07,onehot
trim_GTI Edition 35,3.9056568119293593e-07,onehot
generation_Hatchback (2018 - 2020),3.905109963677617e-07,onehot
generation_Estate (2008 - 2013),3.8930299949817036e-07,onehot
model_Eos,3.88875190960814e-07,onehot
trim_Titanium Sport,3.886854129309992e-07,onehot
trim_DSport,3.876352500926901e-07,onehot
model_Venga,3.8534690524022864e-07,onehot
trim_75th Anniversary,3.8411505735701686e-07,onehot
trim_S line Edition,3.8334547735638727e-07,onehot
model_C4 SpaceTourer,3.830167916047076e-07,onehot
trim_Landmark LE,3.822940900522742e-07,onehot
model_ix35,3.800048396892984e-07,onehot
generation_Hatchback (2011 - 2016) B8 Facelift,3.7886801377791225e-07,onehot
model_Grand Scenic,3.786815579881824e-07,onehot
trim_Cooper S Resolute Edition,3.7685042208921156e-07,onehot
generation_Hatchback (2018 - 2019),3.7683786828667843e-07,onehot
trim_Pop Star,3.7601323045195826e-07,onehot
model_Scenic,3.74679181833721e-07,onehot
generation_Hatchback (2009 - 2016) MK1,3.73796379805722e-07,onehot
generation_Coupe (2009 - 2013) MK 1,3.7292202134723497e-07,onehot
trim_Dolcevita,3.72511613523333e-07,onehot
generation_Hatchback (2012 - 2016) MK 4,3.7191200200889004e-07,onehot
trim_25 Years,3.717543485711046e-07,onehot
trim_Competizione,3.7141293548416474e-07,onehot
model_Qashqai+2,3.7108478095658754e-07,onehot
generation_Hatchback (2009 - 2017) MK 3,3.7092461642379203e-07,onehot
model_Captiva,3.7068346285384086e-07,onehot
trim_RX Prem Plus,3.7044489422307316e-07,onehot
model_500L,3.6908748484090944e-07,onehot
model_S80,3.656844288136572e-07,onehot
generation_SUV (2017 - 2018),3.6518814175604814e-07,onehot
trim_N-Motion,3.64959267868388e-07,onehot
generation_Estate (2019 - 2021),3.6314948396404467e-07,onehot
trim_Tech,3.6292769126419945e-07,onehot
trim_Dynamique,3.62187411015217e-07,onehot
trim_Standard Range Plus,3.615784530296215e-07,onehot
generation_MPV (2012 - 2015),3.612618971142572e-07,onehot
model_NX 450h+,3.611664864744868e-07,onehot
generation_Coupe (2009 - 2013) C207,3.607695799433511e-07,onehot
generation_Estate (2005 - 2011),3.597229560111985e-07,onehot
trim_Avantgarde,3.574384320066002e-07,onehot
trim_RS Edition,3.571573887606545e-07,onehot
generation_SUV (2009 - 2013) MK1,3.569365342134667e-07,onehot
generation_Convertible (2014 - 2018),3.567114097680895e-07,onehot
generation_Convertible (2010 - 2013) C207,3.560888964052828e-07,onehot
generation_MPV (2010 - 2014) MK 2,3.542381965626122e-07,onehot
trim_DStyle Plus,3.5341989774453036e-07,onehot
trim_Business Edition Nav Premium,3.51653054787612e-07,onehot
model_SQ2,3.5015323192213424e-07,onehot
model_695,3.483838306078712e-07,onehot
generation_MPV (2020 - ),3.4767121904110917e-07,onehot
trim_N Line S,3.4738188573632043e-07,onehot
generation_Hatchback (2011 - 2017) MK1,3.473002029643053e-07,onehot
model_5 Series Gran Turismo,3.465152014053426e-07,onehot
trim_Element,3.46328974449701e-07,onehot
trim_Business,3.4550891246631954e-07,onehot
generation_SUV (2021  - ),3.444246442862972e-07,onehot
trim_GO! SE,3.4228126886356773e-07,onehot
model_Ka+,3.4091087590854686e-07,onehot
model_ASX,3.405442033111259e-07,onehot
generation_Saloon (2012 - 2016),3.399049159704832e-07,onehot
trim_up! beats,3.3978992676623516e-07,onehot
model_MiTo,3.3961987703471146e-07,onehot
make_GWM ORA,3.3908299627909466e-07,onehot
generation_Hatchback (2004 - 2012),3.381230700997105e-07,onehot
trim_S Platinum Edition,3.37817234297102e-07,onehot
trim_Titanium Navigator,3.3780745459740403e-07,onehot
model_ORA Funky Cat,3.3770074867022416e-07,onehot
trim_SE Dynamic Technology,3.3578495102703006e-07,onehot
trim_KX-2,3.334407142632907e-07,onehot
model_e-Golf,3.3321317182653604e-07,onehot
trim_Easy,3.3131006105830814e-07,onehot
trim_Tech Line,3.3097433071372123e-07,onehot
model_MG3,3.2999875479089854e-07,onehot
generation_Hatchback (2010 - 2014) MK 1,3.2995660083120955e-07,onehot
trim_Prime,3.299117454054259e-07,onehot
trim_e-Golf,3.293313605506508e-07,onehot
generation_Hatchback (2015 - 2017) MK2 Facelift,3.289669850525315e-07,onehot
model_Punto Evo,3.277130158787554e-07,onehot
generation_Hatchback (2012 - 2014),3.2676566430450575e-07,onehot
model_C3 Picasso,3.2671791843090617e-07,onehot
model_Tivoli XLV,3.2513672537641005e-07,onehot
generation_Hatchback (2009 - 2013) MK1 Facelift,3.23812166213322e-07,onehot
trim_SE-L Premier,3.238101923544883e-07,onehot
trim_SE L Drive,3.23494438654392e-07,onehot
generation_Saloon (2013 - 2020) D4 Facelift,3.229638656836891e-07,onehot
trim_Vignale Edition,3.2178284948724615e-07,onehot
trim_Dynamique MediaNav,3.2132434496008453e-07,onehot
model_Spark,3.170639180751802e-07,onehot
generation_SUV (2012 - 2016) MK 4,3.1601819740180105e-07,onehot
generation_MPV (2021 - ),3.1575646912037076e-07,onehot
trim_Summit,3.1518507634114266e-07,onehot
trim_FR Black Edition,3.134484117239334e-07,onehot
trim_Lux Nav,3.118760987850687e-07,onehot
trim_Bastille,3.115714744141109e-07,onehot
trim_Cooper S Works,3.0976770871914775e-07,onehot
generation_Estate (2016 - 2019),3.09399108109657e-07,onehot
model_ix20,3.059512336984392e-07,onehot
generation_SUV (2012 - 2015) RV9,3.0572792145699953e-07,onehot
trim_Lusso Ti,3.0159151250204105e-07,onehot
generation_Hatchback (2010 - 2013),3.0104991751507886e-07,onehot
trim_Rivale,3.007941092600598e-07,onehot
trim_100th Anniversary Edition,3.0035703904089997e-07,onehot
model_Citigo,2.984790388200372e-07,onehot
model_Swace,2.9715532168651927e-07,onehot
trim_XPERIENCE,2.9627266063534444e-07,onehot
trim_Ti,2.961949854966313e-07,onehot
generation_Hatchback (2011 - 2014) MK1 Facelift,2.9576492884624e-07,onehot
trim_AMG Sport Plus,2.956379963579042e-07,onehot
generation_Convertible (2009 - 2014) MK1,2.9430301201130794e-07,onehot
trim_Performance Ludicrous,2.9372843363731765e-07,onehot
trim_R-Line Black Edition,2.9184857624127917e-07,onehot
generation_Convertible (2012 - 2016) R231,2.913342989813867e-07,onehot
trim_Origins,2.9086352204628465e-07,onehot
trim_Cupra 300,2.894257113608635e-07,onehot
trim_991 Carrera T,2.893152375598611e-07,onehot
generation_Estate (2011 - 2015) B8 Facelift,2.8715258380151866e-07,onehot
generation_MPV (2005 - 2015),2.8446566132589957e-07,onehot
trim_Upland,2.8335136082857776e-07,onehot
trim_LS,2.829474087896807e-07,onehot
trim_x-press,2.823743134494294e-07,onehot
trim_Orange Edition,2.821424993631562e-07,onehot
generation_Coupe (2007 - 2012),2.81617356857537e-07,onehot
trim_Momentum Nav Plus,2.779973234057206e-07,onehot
generation_Convertible (2010 - 2014 ) MK1 Facelift,2.7655745930612377e-07,onehot
generation_MPV (2013 - 2017),2.7509825049256207e-07,onehot
trim_SE Nav Premium,2.748564126022902e-07,onehot
trim_EfficientDynamics,2.7473940338826957e-07,onehot
generation_Convertible (2020 - 2021),2.7253675486750347e-07,onehot
model_Arkana,2.7081188392718993e-07,onehot
trim_XTR,2.69917610869922e-07,onehot
trim_Laureate,2.695805769423274e-07,onehot
generation_Hatchback (2012 - 2016) MK4 Facelift,2.690390526411892e-07,onehot
generation_Convertible (2009 - 2012),2.684705667709606e-07,onehot
generation_Hatchback (2015 - 2016),2.6729695927775354e-07,onehot
trim_LTZ,2.6653604145221653e-07,onehot
generation_Hatchback (2006 - 2011),2.654858171483369e-07,onehot
model_Fusion,2.650293343543975e-07,onehot
trim_Connect,2.642708238463401e-07,onehot
generation_Saloon (2011 - 2014),2.639910172811428e-07,onehot
generation_SUV (2009 - 2013) MK 3 Facelift,2.629748853187111e-07,onehot
trim_Inscription Expression,2.618421986093087e-07,onehot
trim_Techroad,2.6101329174517835e-07,onehot
model_Zafira,2.5973975461756577e-07,onehot
generation_Estate (2009 - 2014),2.5901978576973866e-07,onehot
model_Solterra,2.5883407090212534e-07,onehot
model_Grenadier,2.566841266097913e-07,onehot
generation_Saloon (2006 - 2009) W221,2.5603909075238495e-07,onehot
trim_Opera,2.5508763524197427e-07,onehot
trim_Prime Exclusive,2.5270578214647904e-07,onehot
generation_Coupe (2014 - 2020),2.4934875202142757e-07,onehot
trim_Mach 1,2.4900012693147483e-07,onehot
trim_S line Special Edition,2.4862685844925315e-07,onehot
trim_Wild,2.478769298995207e-07,onehot
generation_Roadster (2017 - 2019),2.475898251882186e-07,onehot
trim_Cooper Seven,2.4739469949506433e-07,onehot
model_MG4,2.4674010192753056e-07,onehot
model_DS4,2.459079417717515e-07,onehot
trim_Ines de la Fressange,2.4487115569227643e-07,onehot
trim_Bose Personal Edition,2.4433984409367067e-07,onehot
model_Cruze,2.4433570046751575e-07,onehot
trim_SE Twenty,2.4391388358805884e-07,onehot
model_RS e-tron GT,2.428338239692984e-07,onehot
model_Koleos,2.410087574054281e-07,onehot
generation_Coupe (2014 - 2019),2.4027685116772967e-07,onehot
model_BAYON,2.4025911189447284e-07,onehot
generation_MPV (2011 - 2017) MK1 Facelift,2.3946916945164624e-07,onehot
generation_MPV (2010 - 2015) MK1,2.3939161711936475e-07,onehot
trim_Maxx,2.392111563570479e-07,onehot
model_Avensis,2.3792795420481784e-07,onehot
trim_FR Black,2.3760473450625587e-07,onehot
trim_1st Edition,2.3622150144943388e-07,onehot
generation_SUV (2005 - 2013),2.359950979854343e-07,onehot
model_Rexton,2.3473906382674512e-07,onehot
generation_Estate (2012 - 2017) MK7,2.343087768149372e-07,onehot
model_C5 X,2.3393392055203597e-07,onehot
trim_N-Sport,2.333470568134802e-07,onehot
trim_One Classic,2.3324705039807377e-07,onehot
generation_SUV (2009 - 2012),2.32972017919458e-07,onehot
trim_Bullitt,2.327212419391024e-07,onehot
generation_SUV (2012 - 2016),2.3253613732121584e-07,onehot
generation_Hatchback (2010 - 2013) MK2,2.3252756076565648e-07,onehot
generation_MPV (2011 - 2016),2.3086913625866707e-07,onehot
trim_Engineered by AMG,2.3062112554285274e-07,onehot
trim_Active Vignale,2.3061993256549812e-07,onehot
trim_Icon Plus,2.305139395681388e-07,onehot
generation_Hatchback (2012 - 2016) MK 2,2.3041846720829807e-07,onehot
trim_360,2.2982579467718818e-07,onehot
generation_Hatchback (2014 - 2017) MK1,2.2970234393650033e-07,onehot
trim_Homura,2.2950463339971197e-07,onehot
generation_MPV (2010 - 2015) MK4,2.2911660212854507e-07,onehot
trim_GR Pro,2.2873407292731924e-07,onehot
trim_3.Zero,2.2845010865861005e-07,onehot
trim_XCELLENCE Technology,2.2738482244314541e-07,onehot
trim_981 Black Edition,2.2470261894078323e-07,onehot
generation_Estate (2010 - 2015) 5J Facelift,2.2388926560216526e-07,onehot
generation_Hatchback (2011 - 2012),2.216931413812e-07,onehot
trim_Lux,2.2158675029498465e-07,onehot
generation_Hatchback (2013 - 2016) MK1,2.215210960319298e-07,onehot
generation_SUV (2002 - 2009) 100 Series,2.210343192204057e-07,onehot
generation_Hatchback (2007 - 2011) MK4,2.2045141877467278e-07,onehot
trim_Action,2.2007775512229028e-07,onehot
generation_Hatchback (2008 - 2012) W169 Facelift,2.1999617461590725e-07,onehot
model_Toledo,2.1986691867506756e-07,onehot
model_QX70,2.1927143907176948e-07,onehot
trim_GX5hs,2.1861443877940968e-07,onehot
trim_300 Sport,2.18361490159295e-07,onehot
trim_Metal,2.1801434010073056e-07,onehot
trim_GT Sport Edition,2.1772968543791558e-07,onehot
generation_Hatchback (2011 - 2016) MK2,2.17017337448757e-07,onehot
generation_Estate (2010 - 2016) J,2.1692554030093995e-07,onehot
generation_SUV (2005 - 2010) L320,2.165559116825982e-07,onehot
generation_Hatchback (2010 - 2013) MK 1 Facelift,2.1620805692457293e-07,onehot
model_207 CC,2.1588542917229005e-07,onehot
make_Saab,2.149648033905014e-07,onehot
trim_KX-4,2.1452524046151664e-07,onehot
model_Paceman,2.1428196241492272e-07,onehot
trim_SE Comfort,2.1387943415334072e-07,onehot
generation_Hatchback (2006 - 2011) D,2.1318972509449288e-07,onehot
trim_Expression,2.1270009293179994e-07,onehot
model_Levorg,2.126426918136451e-07,onehot
trim_Star,2.1236847755392167e-07,onehot
trim_Highline Edition,2.1213415254791772e-07,onehot
generation_Hatchback (2011 - 2013),2.1212327331204655e-07,onehot
trim_SZ-L,2.1188393052830115e-07,onehot
generation_Convertible (2013 - 2016),2.1175718707499018e-07,onehot
trim_Feel Edition Multispace,2.1138218067158015e-07,onehot
trim_Cooper S Boardwalk Edition,2.113760681487674e-07,onehot
trim_Selection,2.104311974672011e-07,onehot
trim_Cooper S Seven,2.0990359542397979e-07,onehot
trim_V3,2.097935688022658e-07,onehot
trim_ST-1,2.095828790655294e-07,onehot
model_Tivoli,2.0872747478714633e-07,onehot
generation_Estate (2015 - 2016) X117,2.0867409205700875e-07,onehot
trim_Active B&O Play,2.0772425164259614e-07,onehot
model_S8,2.0712731687034444e-07,onehot
generation_MPV (2010 - 2016) MK2,2.0661643417980113e-07,onehot
model_V90 Cross Country,2.065326841073803e-07,onehot
generation_Estate (2015 - 2020),2.0641587158771396e-07,onehot
model_124 Spider,2.0618423248132786e-07,onehot
trim_Expression +,2.0564243193782735e-07,onehot
model_e-Berlingo,2.0553766758655362e-07,onehot
trim_SE Plus Navi,2.047703888980637e-07,onehot
trim_Trek,2.0466317504819595e-07,onehot
model_DS 3 CABRIO,2.0297881875442039e-07,onehot
trim_R-Design Nav Plus,2.0289742066457256e-07,onehot
model_Edge,2.0275565558547596e-07,onehot
generation_Hatchback (2008 - 2012) MK 8 Facelift,2.025735213989398e-07,onehot
trim_80x SportLine,2.0192382835978446e-07,onehot
trim_Sport Navi,2.01510116732526e-07,onehot
generation_Hatchback (2013 - 2015),2.0134323698407516e-07,onehot
trim_Active Premium,2.01085599929361e-07,onehot
trim_Flair Nav Edition,2.0075488189578474e-07,onehot
model_V70,1.9955383999363848e-07,onehot
trim_Scout,1.992174799812788e-07,onehot
trim_Acenta+,1.9861061018937975e-07,onehot
trim_Tepee Outdoor,1.9769658535630306e-07,onehot
generation_MPV (2006 - 2015),1.9685548995781832e-07,onehot
trim_DSport Plus,1.9483810728756083e-07,onehot
generation_Estate (2012 - 2016),1.9480642156217846e-07,onehot
trim_1955,1.940302066929254e-07,onehot
model_Sandero,1.9383231352627582e-07,onehot
model_MP4,1.9326566179220762e-07,onehot
model_12C,1.9302073725597038e-07,onehot
trim_JCC+,1.9228857966161417e-07,onehot
trim_Cooper Shadow Edition,1.9150945379483486e-07,onehot
trim_SRi Edition,1.9116380378929739e-07,onehot
generation_SUV (2011 - 2015),1.9029428016564143e-07,onehot
trim_Exclusive Edition Plus,1.8898584241619155e-07,onehot
trim_KX-5,1.8869244403512442e-07,onehot
model_Rapid Spaceback,1.8857808866545702e-07,onehot
trim_Life Edition,1.880239571540976e-07,onehot
generation_Saloon (2007 - 2011) MK2 Facelift,1.8747270046530648e-07,onehot
model_MG6,1.8568374273558827e-07,onehot
trim_S line Competition,1.8536465606904268e-07,onehot
generation_Estate (2010 - 2013) MK2,1.8530097693722937e-07,onehot
model_Baleno,1.8497928543163159e-07,onehot
trim_AMG Yellow Night Edition,1.8329904923841283e-07,onehot
trim_Tepee S,1.8309712598050842e-07,onehot
trim_N-Vision,1.8266095050353322e-07,onehot
generation_Hatchback (2012 - 2016) MK1,1.8252443172379585e-07,onehot
trim_Premium Nav,1.8246595575633947e-07,onehot
trim_FR+ Supercopa,1.8209942463365296e-07,onehot
trim_Dynamique S MediaNav,1.819055859609512e-07,onehot
trim_GTI Launch,1.8140996396027408e-07,onehot
generation_Hatchback (2012 - 2017) MK1,1.8125958546163484e-07,onehot
generation_Hatchback (2008 - 2011),1.8029182819329154e-07,onehot
trim_All-Terrain Edition,1.7975347409226776e-07,onehot
generation_Estate (2007 - 2013) MK 2,1.795338952152544e-07,onehot
trim_GX3,1.791965257929228e-07,onehot
model_Viva,1.7875014912933967e-07,onehot
trim_Sport Engineered,1.7857720718704468e-07,onehot
trim_Ambiance,1.7830407042974494e-07,onehot
generation_Hatchback (2005 - 2012) MK1 Facelift,1.7776153953779556e-07,onehot
trim_SE Executive Edition,1.7717311593365944e-07,onehot
generation_Hatchback (2012 - 2015),1.7715736524403372e-07,onehot
generation_Hatchback (2010 - 2015) 5J Facelift,1.7636391236037583e-07,onehot
trim_Collection,1.758324759421798e-07,onehot
trim_SZ2,1.7579171388991013e-07,onehot
generation_Hatchback (2011 - 2015) MK 2,1.7559366822659544e-07,onehot
generation_SUV (2006 - 2012) X164,1.7505967735117803e-07,onehot
generation_SUV (2006 - 2012) MK 1 Facelift,1.7497713367320122e-07,onehot
trim_Touch Edition,1.7496032791684818e-07,onehot
trim_Reims Edition,1.7494773016838524e-07,onehot
model_Twingo,1.7455507438726653e-07,onehot
generation_MPV (2009 - 2013) MK 3,1.7373040501877623e-07,onehot
generation_Hatchback (2009 - 2015) MK 6,1.7368807862533124e-07,onehot
trim_Saint James,1.7312295546707896e-07,onehot
generation_Saloon (2010 - 2016) MK1 Facelift 2,1.729374248296901e-07,onehot
model_TX4,1.728429960052287e-07,onehot
model_107,1.719416179729571e-07,onehot
trim_TS2,1.709575654022633e-07,onehot
trim_Exclusive-Line,1.70468131173351e-07,onehot
trim_Sport 420 Final Edition,1.6970435259398471e-07,onehot
generation_SUV (2007 - 2012) MK1,1.6927425998424903e-07,onehot
model_Highlander,1.6839582860095768e-07,onehot
trim_Ultimate Edition,1.680789211430111e-07,onehot
model_408,1.676642179714347e-07,onehot
trim_Titanium X Business Edition,1.672915609881059e-07,onehot
generation_SUV (2017 - 2019),1.6641925490439552e-07,onehot
generation_Saloon (2011 - 2015) MK1,1.6616383526623663e-07,onehot
model_CLC Class,1.6491385235628348e-07,onehot
trim_N420,1.6417237321312458e-07,onehot
trim_GX4hs,1.6298717276067983e-07,onehot
model_Alto,1.627954327500448e-07,onehot
trim_Drive-N Limited Edition,1.6267620705524847e-07,onehot
trim_GT Sport Nav,1.6245251388395118e-07,onehot
generation_Convertible (2011 - 2015),1.623114733907664e-07,onehot
model_CX-7,1.620642713302712e-07,onehot
model_iQ,1.6201925888790398e-07,onehot
trim_Nismo RS,1.6167445113876252e-07,onehot
generation_MPV (2013 - 2019) MK1 Facelift,1.6133896372424185e-07,onehot
trim_ST Performance Edition,1.6126089053254e-07,onehot
model_Jogger,1.6123186635220145e-07,onehot
generation_Saloon (2006 - 2010) W211 Facelift,1.6062426215582002e-07,onehot
trim_XSR,1.5977849692010422e-07,onehot
generation_Convertible (2013 - 2016) 8V,1.589445870722952e-07,onehot
generation_MPV (2014 - 2017),1.5874280755624124e-07,onehot
model_Stinger,1.5832180930638362e-07,onehot
model_GS 300,1.5820314896332555e-07,onehot
trim_QV Line,1.5733060744517246e-07,onehot
generation_SUV (2013 - 2018) MK1,1.5722976794928217e-07,onehot
trim_GX3h,1.5722872198840765e-07,onehot
model_9-3,1.5655819388099847e-07,onehot
model_Phaeton,1.5623872575793205e-07,onehot
model_Supra,1.5545522137890536e-07,onehot
model_Golf Plus,1.5492836019749296e-07,onehot
trim_Active Premium +,1.539225069940101e-07,onehot
trim_ES Plus,1.5364480103672816e-07,onehot
trim_Flair Multispace,1.5299297025395072e-07,onehot
generation_Hatchback (2012 - 2016) MK 1,1.5285350928874953e-07,onehot
trim_Z-Sport,1.5268540766413361e-07,onehot
trim_Dynamique Intens,1.520696486254055e-07,onehot
trim_JAM,1.517285162127465e-07,onehot
trim_CT,1.5167963085527505e-07,onehot
trim_EV,1.5135896503309972e-07,onehot
generation_Estate (2008 - 2012) B8,1.5092313846692813e-07,onehot
trim_Classic SE,1.5089557518027934e-07,onehot
generation_SUV (2008 - 2012) MK1,1.5081039435140576e-07,onehot
trim_60s,1.4999175721551057e-07,onehot
trim_Collezione,1.4977113866010267e-07,onehot
trim_Zetec Business Edition,1.495241973164885e-07,onehot
generation_MPV (2007 - 2012) MK1,1.4908530220906748e-07,onehot
generation_Hatchback (2006 - 2009) 8P,1.4897194378451567e-07,onehot
trim_XPERIENCE Edition,1.486802551390169e-07,onehot
trim_GR,1.482364922109136e-07,onehot
trim_Special Edition,1.4744500386945308e-07,onehot
trim_techno,1.4726264429247062e-07,onehot
trim_Sport Edition 125,1.4721385424005762e-07,onehot
trim_Distinctive,1.4686700155456392e-07,onehot
model_Coupe,1.4657746442689168e-07,onehot
trim_Outdoor,1.4636867312681614e-07,onehot
model_Tigra,1.4441010001734533e-07,onehot
trim_equilibre,1.4360148998516233e-07,onehot
trim_ST-Line X First Edition Plus,1.430049640390153e-07,onehot
generation_Coupe (2006 - 2015) MK1 Facelift,1.4233171965145457e-07,onehot
trim_Nero Edizione,1.4213845620471414e-07,onehot
trim_Pro Edition,1.4210011997576334e-07,onehot
generation_Hatchback (2007 - 2011) MK1,1.4189697890432206e-07,onehot
generation_MPV (2016 - 2020),1.418739486235993e-07,onehot
trim_Feline,1.4027256370731823e-07,onehot
trim_ST-Line Design,1.3987676395157515e-07,onehot
trim_Cooper D Seven,1.3959525338222297e-07,onehot
trim_S GranSport,1.3930660934849622e-07,onehot
trim_Motion,1.392913738906074e-07,onehot
trim_r.s. line,1.3787688858679526e-07,onehot
generation_Hatchback (2012 - 2016) MK2,1.3758262234886037e-07,onehot
model_IS 250,1.3700253022059701e-07,onehot
model_Mii,1.36435152289842e-07,onehot
trim_SE Sport,1.3621928063643045e-07,onehot
trim_GLAM,1.3599665763630647e-07,onehot
generation_Coupe (2010 - 2015) MK1,1.359106161692821e-07,onehot
trim_Toca,1.3545787916245603e-07,onehot
model_Shogun Sport,1.354529606864559e-07,onehot
trim_GT Line TomTom,1.3492883151866067e-07,onehot
trim_Pulse Premium,1.3464369051784922e-07,onehot
trim_2 NAV,1.343992057026218e-07,onehot
trim_Competizione 70th,1.3417787205544144e-07,onehot
generation_MPV (2010 - 2013) W251 Facelift,1.3399601814782042e-07,onehot
trim_DStyle Nav,1.3372418635412444e-07,onehot
generation_Estate (2008 - 2014) MK 1,1.3362642327932948e-07,onehot
generation_MPV (2008 - 2012) W245 Facelift,1.3215268743554385e-07,onehot
generation_Hatchback (2004 - 2012) H,1.308119154702795e-07,onehot
generation_Convertible (2007 - 2011),1.3012188701380449e-07,onehot
trim_SE Technology Lux,1.290982794772996e-07,onehot
generation_Saloon (2003 - 2011),1.2901223340795718e-07,onehot
trim_Dynamic Safety,1.2890236043419923e-07,onehot
model_C5,1.2849866419531494e-07,onehot
generation_Hatchback (2008 - 2012) MK4,1.2829789271114687e-07,onehot
trim_Attitude,1.2809041144896207e-07,onehot
model_CLK,1.280699540744197e-07,onehot
trim_Monster Yamaha,1.2679328784749415e-07,onehot
trim_One D,1.2542261764308955e-07,onehot
trim_Cooper D Business Edition,1.253677687096925e-07,onehot
trim_SE Design,1.2515628058960208e-07,onehot
trim_Zetec B&O Play Series,1.2509394384288132e-07,onehot
generation_Estate (2011 - 2014),1.2488868645549435e-07,onehot
model_GS,1.248368796069901e-07,onehot
generation_Estate (2013 - 2016) MK 2,1.2461504176712513e-07,onehot
trim_VZ3,1.2438118342326846e-07,onehot
trim_Easy Plus,1.2344699184246487e-07,onehot
generation_Convertible (2012 - 2015) B8 Facelift,1.233355303749459e-07,onehot
trim_987 RS 60,1.2188880472086796e-07,onehot
trim_60 Nav Lounge,1.215860914799304e-07,onehot
generation_MPV (2009 -  2014) MK1,1.2130996674885595e-07,onehot
generation_Hatchback (2008 - 2015) MK 1,1.1835952748659642e-07,onehot
model_308 CC,1.1813904920366913e-07,onehot
model_Combo-e Life,1.1810193152219016e-07,onehot
trim_VR7,1.1789756190381384e-07,onehot
trim_Miyako,1.1771032631461546e-07,onehot
generation_SUV (2009 - 2013),1.1752918962254349e-07,onehot
trim_Luxe Tech,1.1658041978394875e-07,onehot
generation_Coupe (2007 - 2011),1.164203730525489e-07,onehot
trim_EXL,1.1575765520161002e-07,onehot
trim_Cupra 290,1.152303191397234e-07,onehot
trim_Iconic Nav,1.1508523123636701e-07,onehot
generation_Convertible (2004 - 2017) MK 2,1.1507466524551434e-07,onehot
trim_SR7,1.1483080544039559e-07,onehot
trim_ST-200,1.1439315383344254e-07,onehot
trim_GTX,1.1383890658625016e-07,onehot
trim_AMG Sport Edition 125,1.1381515567148976e-07,onehot
generation_MPV (2009 - 2013),1.1376744030573842e-07,onehot
trim_GTi,1.1308161224435822e-07,onehot
model_Altea XL,1.1228969292152794e-07,onehot
generation_SUV (2009 - 2013) MK 4,1.1176771207630679e-07,onehot
trim_Iconic Edition,1.1167544050239036e-07,onehot
model_Celerio,1.1136211516809006e-07,onehot
generation_SUV (2010 - 2014),1.1068727681383725e-07,onehot
generation_SUV (2014 - 2017) MK2,1.1047965632571222e-07,onehot
trim_Premier Edition,1.1025446271297104e-07,onehot
generation_Convertible (2010 - 2013),1.0982209226194125e-07,onehot
trim_Chic,1.0979942991531349e-07,onehot
trim_ES Premium Edition,1.0954854876271543e-07,onehot
trim_Highline,1.0951397967584902e-07,onehot
trim_Waze,1.094864806194505e-07,onehot
trim_Gold,1.091869125430275e-07,onehot
trim_MPS,1.0884130710979219e-07,onehot
generation_Convertible (2008 - 2014) 8P,1.0883300269552877e-07,onehot
trim_R-Sport Black,1.0821130442859456e-07,onehot
generation_SUV (2013 - 2021),1.08115128736516e-07,onehot
generation_Hatchback (2013 - 2015) MK2 Facelift,1.0804756701200527e-07,onehot
generation_SUV (2004 - 2010),1.0769108500087389e-07,onehot
generation_Hatchback (2007 - 2012),1.0756995022176975e-07,onehot
generation_SUV (2013 - 2016) MK1,1.0746471745958811e-07,onehot
trim_Plus Dark,1.0722287793493853e-07,onehot
generation_Estate (2010 - 2013),1.0694242356321262e-07,onehot
trim_Access+,1.068942037143869e-07,onehot
generation_Hatchback (2011 - 2015) MK1,1.0668024582302755e-07,onehot
generation_Hatchback (2009 - 2012),1.0597347018887279e-07,onehot
trim_ENERGISED,1.0551092322003885e-07,onehot
trim_Premium SE Nav,1.0480383895130147e-07,onehot
generation_Convertible (2008 - 2014),1.0464389417592111e-07,onehot
trim_x-plore,1.0451474697492453e-07,onehot
generation_Hatchback (2007 - 2012) MK 1 Facelift,1.0448488844155911e-07,onehot
generation_Convertible (2006 - 2011) MK1,1.0405997279089557e-07,onehot
trim_SE Nav Plus,1.039104196399475e-07,onehot
generation_Coupe (2012 - 2015),1.0351936616467184e-07,onehot
trim_VT,1.0347764726013602e-07,onehot
trim_Urban,1.034448315452272e-07,onehot
trim_XC,1.0328418605303509e-07,onehot
trim_Venture,1.030690435227714e-07,onehot
model_Roomster,1.0271985347605056e-07,onehot
trim_SE First Edition,1.024847215685082e-07,onehot
generation_SUV (2007 - 2015),1.0195786013469391e-07,onehot
model_Megane E-Tech,1.0183511550140107e-07,onehot
trim_Trek Special Edition,1.0165115452888433e-07,onehot
trim_3Style,1.0143037961518224e-07,onehot
trim_SLAM,1.009571688932854e-07,onehot
generation_Hatchback (2011 - 2015) MK3,1.0079110097547803e-07,onehot
generation_Hatchback (2012 -  2014) Mk1 Facelift 2,1.0061636989507166e-07,onehot
generation_MPV (2013 - 2016) MK3 Facelift,9.982898053376003e-08,onehot
generation_Convertible (2014 - 2021),9.976001947047487e-08,onehot
trim_EX GT,9.941619621242463e-08,onehot
trim_Cooper D Exclusive,9.913517698198808e-08,onehot
model_R Class,9.898538488961606e-08,onehot
trim_Exclusive+,9.872775113891467e-08,onehot
generation_Hatchback (2009 - 2012) MK 2,9.865217978841042e-08,onehot
generation_Convertible (2005 - 2010) B7,9.850649546993177e-08,onehot
trim_vRS S2000,9.762585245392808e-08,onehot
model_Carens,9.677759548843577e-08,onehot
generation_SUV (2021 - 2022),9.660936533210726e-08,onehot
generation_Hatchback (2007 - 2015),9.625288818363126e-08,onehot
trim_Exclusive Nav,9.616013189823183e-08,onehot
trim_Zetec Navigator,9.60154544338657e-08,onehot
trim_Altitude,9.585510007648034e-08,onehot
generation_Hatchback (2008 - 2014),9.572618259351215e-08,onehot
model_Movano,9.566366651748217e-08,onehot
trim_Take up!,9.562628370456155e-08,onehot
trim_Nav Plus,9.545058332175071e-08,onehot
trim_SE-L Lux Nav+,9.5416576083583e-08,onehot
trim_Momentum Edition,9.532738237303028e-08,onehot
trim_BlueMotion,9.444539127756015e-08,onehot
trim_Fifty,9.342151824724213e-08,onehot
trim_30th Anniversary Edition,9.306558841031745e-08,onehot
trim_Extreme SE,9.302499748924112e-08,onehot
generation_Estate (2012 - 2016) MK2,9.301233694279275e-08,onehot
trim_Y20 Bi-tone,9.280545906385559e-08,onehot
trim_Urban Ride,9.26736624071444e-08,onehot
trim_SE Nav Business,9.159786108161296e-08,onehot
trim_La Prima,9.156603066346291e-08,onehot
trim_up!,9.129851622993642e-08,onehot
trim_RX L,9.113153092403081e-08,onehot
trim_Executive Style,9.10778488500951e-08,onehot
generation_Estate (2015 - 2021),9.090414780080443e-08,onehot
model_C30,9.07945630022379e-08,onehot
trim_S line Special Edition Plus,9.071365598518771e-08,onehot
trim_Kuro,9.056444667191949e-08,onehot
generation_Convertible (2006 - 2013),8.946260772197395e-08,onehot
model_Aygo X,8.940136492729028e-08,onehot
trim_XT-R,8.925790173457068e-08,onehot
trim_SE Launch Edition,8.902575872286389e-08,onehot
trim_Business Executive,8.90138574572965e-08,onehot
trim_KX-1,8.89856540215896e-08,onehot
trim_VXR Nurburgring,8.860758592662687e-08,onehot
model_Legacy,8.838254526790275e-08,onehot
trim_SZ,8.827561149182556e-08,onehot
generation_Estate (2010 - 2016) MK2 Facelift,8.779636756202747e-08,onehot
trim_Y20,8.763128450013854e-08,onehot
trim_Turismo 70th,8.75501788485995e-08,onehot
generation_SUV (2008 - 2011),8.744582104415798e-08,onehot
model_Tonale,8.732592873475029e-08,onehot
model_Jetta,8.716899856706328e-08,onehot
trim_R-Design Lux,8.71224107743073e-08,onehot
generation_Convertible (2008 - 2011),8.69790064094305e-08,onehot
generation_Convertible (2005 - 2009) A209 Facelift,8.669085628976674e-08,onehot
trim_x-clusiv,8.661318917738694e-08,onehot
trim_JBL Edition,8.648694487678595e-08,onehot
generation_Convertible (2013 - 2015),8.64466664119123e-08,onehot
trim_Longitude Plus,8.607414635295299e-08,onehot
trim_T3,8.559188986943952e-08,onehot
trim_Cooper D Classic,8.55180070887783e-08,onehot
trim_Studio,8.524052436356172e-08,onehot
generation_Hatchback (2009 - 2012) MK1,8.504413129159931e-08,onehot
model_X-Type,8.471453420695028e-08,onehot
trim_Prime Sport,8.460540570839866e-08,onehot
trim_Volvo Ocean Race,8.444545429304029e-08,onehot
trim_60 Nav Loft,8.408080824638704e-08,onehot
trim_2.Zero,8.401642780545483e-08,onehot
generation_MPV (2010 - 2015) MK1 Facelift,8.394983902782549e-08,onehot
trim_Zetec Black Edition,8.389958662960422e-08,onehot
model_GS 450h,8.244325045839687e-08,onehot
trim_Electron,8.238960060398996e-08,onehot
trim_Renaultsport Nav Trophy,8.232266292837901e-08,onehot
trim_Classic,8.228056604687456e-08,onehot
trim_R-Design SE,8.219777208862613e-08,onehot
generation_SUV (2013 - 2015),8.210915768106749e-08,onehot
trim_ES-T,8.171726016504787e-08,onehot
trim_SVAutobiography Dynamic Edition,8.159573461883084e-08,onehot
model_300C,8.139009467332887e-08,onehot
trim_JBL Black Edition,8.1096959226568e-08,onehot
model_GS 250,8.084055003790526e-08,onehot
generation_Saloon (2011 - 2016),8.065254649475116e-08,onehot
generation_Coupe (2005 - 2009) C209 Facelift,8.031139633008652e-08,onehot
generation_Coupe (2009 - 2013),8.01245689269475e-08,onehot
trim_x-pression,8.000487392108677e-08,onehot
generation_Saloon (2008 - 2012) MK1,7.986208066354231e-08,onehot
generation_Saloon (2007 - 2012) B8,7.945993083498525e-08,onehot
generation_Hatchback (2012 - 2015) MK 1 Facelift 2,7.913392244014817e-08,onehot
trim_Colour Therapy,7.909091645005334e-08,onehot
trim_F595 Pista,7.888395925146832e-08,onehot
trim_Turbo X,7.836670190301923e-08,onehot
trim_Rip Curl,7.831668851705596e-08,onehot
trim_Premium InTouch,7.82694487572115e-08,onehot
trim_Sport Line,7.801543002668852e-08,onehot
trim_120th,7.795167147669226e-08,onehot
model_Sedona,7.785599405907459e-08,onehot
model_Rapid,7.783486483709139e-08,onehot
trim_Cooper Baker Street,7.77093129826942e-08,onehot
trim_Plus Bright,7.763042517386566e-08,onehot
trim_Rock Star,7.733147164398862e-08,onehot
trim_Diamond,7.730280136096487e-08,onehot
model_Mirage,7.71204413624658e-08,onehot
generation_Coupe (2012 - 2014),7.692389872933139e-08,onehot
trim_Cupra 290 Black,7.686533000247574e-08,onehot
trim_Design Line,7.683036339297923e-08,onehot
generation_Coupe (2010 - 2012),7.672085103771986e-08,onehot
trim_Dynamique S,7.671846874583798e-08,onehot
trim_R-Line Plus,7.631073508949778e-08,onehot
trim_Easy +,7.62392327518849e-08,onehot
generation_Saloon (2012 - 2015) MK 4,7.621733031668577e-08,onehot
trim_GT-Line Lunar Edition,7.614644164359996e-08,onehot
trim_Sense,7.612449977336004e-08,onehot
trim_Inscription Edition,7.595128347621197e-08,onehot
trim_Si,7.58688340642162e-08,onehot
trim_Ultimate Nav Premium,7.563087558016339e-08,onehot
trim_Feel Multispace,7.560480758886332e-08,onehot
trim_Level 1,7.549983625741335e-08,onehot
trim_XTR Multispace,7.492708991114044e-08,onehot
trim_S Connect,7.486093587116605e-08,onehot
trim_Cooper S 25th Anniversary,7.471554568643918e-08,onehot
trim_vRS Challenge,7.443095257017604e-08,onehot
trim_GT Black Edition,7.435730463190638e-08,onehot
generation_Coupe (2007 - 2012) B8,7.407726541094178e-08,onehot
generation_Saloon (2008 - 2011) MK2,7.399852006701345e-08,onehot
trim_Sportiva,7.328159379486338e-08,onehot
trim_SE Plus-T,7.238023614055155e-08,onehot
model_Laguna,7.214737289859567e-08,onehot
trim_Alltrack,7.201021512483551e-08,onehot
trim_Premier Pan Roof,7.1941112801459e-08,onehot
trim_FR+,7.119356377153506e-08,onehot
trim_SE-I,7.072944364547994e-08,onehot
trim_Cupra,7.038371300881622e-08,onehot
trim_Quadrifoglio Verde,7.02270609392878e-08,onehot
trim_Sport Luxury,6.987502909865274e-08,onehot
model_Qubo,6.975955880639671e-08,onehot
trim_Lutecia,6.966578422702354e-08,onehot
trim_Excel Plus,6.890376943534378e-08,onehot
model_Bravo,6.887176777081032e-08,onehot
trim_IS,6.869715925656697e-08,onehot
model_RX 500h,6.848543045736198e-08,onehot
trim_Blue Edition,6.839775472477726e-08,onehot
trim_Active X Vignale,6.807738850714471e-08,onehot
trim_80 ecoSuite,6.772572223197416e-08,onehot
generation_Hatchback (2008 - 2012) MK1,6.754671256772316e-08,onehot
trim_x-style,6.696540918465595e-08,onehot
trim_XCELLENCE First Edition,6.68898217935749e-08,onehot
trim_GRAND SLAM,6.678480517158944e-08,onehot
model_bZ4X,6.668353316138981e-08,onehot
generation_Hatchback (2009 - 2011) MK 2 Facelift,6.6656851913732e-08,onehot
generation_MPV (2008 - 2015) B,6.665190734688065e-08,onehot
model_A4 Cabriolet,6.642086157377846e-08,onehot
trim_I TECH,6.628523394287123e-08,onehot
trim_Polestar Engineered,6.620817027120177e-08,onehot
model_Brera,6.618241028085645e-08,onehot
trim_3h,6.609852571355675e-08,onehot
generation_MPV (2010 - 2017),6.590914467533898e-08,onehot
generation_Convertible (2009 - 2017),6.571868885996718e-08,onehot
trim_GT-Line Edition,6.548393374833286e-08,onehot
model_S40,6.534839979344325e-08,onehot
generation_Coupe (2008 - 2011),6.531105260862343e-08,onehot
trim_Wave,6.514868776270564e-08,onehot
trim_Signature S Nav,6.500036270579314e-08,onehot
trim_Lime Edition,6.495666217600586e-08,onehot
trim_Pulse,6.493512781680956e-08,onehot
trim_GT SE,6.475864167073078e-08,onehot
trim_Alpine,6.459352163720265e-08,onehot
trim_GTI Clubsport 45,6.45281802544146e-08,onehot
trim_Journey,6.45190095871822e-08,onehot
trim_SRT,6.436689678813181e-08,onehot
trim_ST-Line Style,6.405366992568806e-08,onehot
generation_Convertible (2008 - 2011) R57,6.387220075407932e-08,onehot
trim_Plus Special Edition,6.379545840220543e-08,onehot
model_DS3 Cabrio,6.378507246103144e-08,onehot
trim_2 Tech,6.365736685019015e-08,onehot
trim_Style +,6.357828261493967e-08,onehot
generation_Saloon (2005 - 2009),6.324048487453685e-08,onehot
trim_4x4,6.310263492945569e-08,onehot
trim_Sport Black,6.301127114998576e-08,onehot
generation_Hatchback (2008 - 2012),6.299362969165537e-08,onehot
trim_Color Edition,6.28004632274093e-08,onehot
generation_Estate (2013 - 2016) MK3,6.272572675817411e-08,onehot
trim_Type S GT,6.249706297659354e-08,onehot
trim_Autobiography Black,6.242214549993836e-08,onehot
model_M,6.193213615535118e-08,onehot
generation_Estate (2015 - 2017) MK2 Facelift,6.171510156946178e-08,onehot
trim_Club,6.149071128761993e-08,onehot
trim_Tamura,6.143951721735337e-08,onehot
trim_GTi Prestige,6.060203426408401e-08,onehot
trim_SL,5.9427485492431034e-08,onehot
generation_MPV (2013 - 2016) MK 4,5.940182002547777e-08,onehot
generation_MPV (2006 - 2011) MK1,5.915198519203072e-08,onehot
trim_ST-Line X Vignale,5.8463359217055075e-08,onehot
trim_S-Design,5.8448451499743883e-08,onehot
generation_Estate (2009 - 2013) MK 3 Facelift,5.786429784427842e-08,onehot
model_EQV,5.77841037338985e-08,onehot
trim_GT 50th Anniversary,5.775705256224781e-08,onehot
trim_JLX+,5.7584990579194505e-08,onehot
model_QX30,5.7193517297056814e-08,onehot
make_Chrysler,5.71391897941726e-08,onehot
trim_C-Series,5.698239125706901e-08,onehot
generation_Saloon (2008 - 2011),5.6969868129490404e-08,onehot
trim_Cooper London 2012,5.680037233463073e-08,onehot
trim_Chill,5.664182747956581e-08,onehot
trim_GTi by Peugeot Sport,5.659678897040429e-08,onehot
trim_SVR Edition 1988,5.659188798595813e-08,onehot
generation_Hatchback (2012 - 2015) MK 1,5.638702726130187e-08,onehot
trim_Type R,5.632617498972828e-08,onehot
model_Agila,5.6273034338149053e-08,onehot
trim_Initiale TomTom,5.6081672684714224e-08,onehot
generation_SUV (2016 - 2017),5.605441043483775e-08,onehot
generation_Hatchback (2000 - 2010) MK4,5.589177904266595e-08,onehot
trim_Avantgarde SE,5.5672183868555815e-08,onehot
trim_GX4,5.5547336690972866e-08,onehot
model_V50,5.503063778508454e-08,onehot
trim_Urbanshadow,5.486341635872953e-08,onehot
trim_Business Edition Lux,5.4578391683751534e-08,onehot
trim_Trophy Connect,5.453234024869135e-08,onehot
trim_Sportium,5.446108178844442e-08,onehot
generation_Saloon (2007 - 2013),5.445505839622274e-08,onehot
trim_SE Inscription,5.38788383116973e-08,onehot
trim_Sport Venture,5.360107389421314e-08,onehot
model_500e C,5.304702555680224e-08,onehot
trim_S line Contrast Edition,5.278373159816534e-08,onehot
trim_WhiteArt,5.2742303254159956e-08,onehot
trim_VR6,5.2583883541906185e-08,onehot
generation_SUV (2006 - 2013) MK 2,5.2577150666351135e-08,onehot
generation_Estate (2011 - 2015),5.244712846119296e-08,onehot
model_Corrado,5.19359410844468e-08,onehot
make_Cadillac,5.191990325746283e-08,onehot
model_Insight,5.189728656348432e-08,onehot
generation_Saloon (2016 - 2017),5.1871542862288225e-08,onehot
trim_Flair Edition,5.174348094472237e-08,onehot
generation_Convertible (2003 - 2011),5.168409464113485e-08,onehot
trim_Hey Google,5.167806560305246e-08,onehot
model_Rapide,5.139258233897798e-08,onehot
generation_Convertible (2014 - 2016),5.1100061822159306e-08,onehot
trim_Sport Edition Plus,5.10559511303282e-08,onehot
trim_ST Edition,5.098373676084506e-08,onehot
trim_60th Anniversary Edition,5.097722789945923e-08,onehot
model_Turismo,5.0964411180436905e-08,onehot
trim_ROCKS AIR,5.075309831290997e-08,onehot
trim_1 Air,5.045670740069624e-08,onehot
trim_VXR SuperSport,5.0334851214332154e-08,onehot
generation_MPV (2009 - 2014) MK1,4.987823637444353e-08,onehot
trim_GTD BlueLine,4.958585661647353e-08,onehot
trim_Trekking,4.952908764026893e-08,onehot
trim_Cupra Bocanegra,4.935178917579583e-08,onehot
trim_R-Line Style,4.930716858398741e-08,onehot
trim_80x vRS,4.926956537497514e-08,onehot
generation_Saloon (2010 - 2013) MK1,4.918874047865856e-08,onehot
trim_Collection Edition,4.907038040747899e-08,onehot
trim_Takuya,4.8909128173954825e-08,onehot
generation_Saloon (2014 - 2017),4.8831174294665105e-08,onehot
trim_Mixx,4.856156988264259e-08,onehot
trim_Challenge 210,4.8552404643782e-08,onehot
generation_MPV (2013 - 2016),4.847177159162009e-08,onehot
trim_GTE Nav,4.846622863356951e-08,onehot
generation_SUV (2004 - 2011),4.842504840507421e-08,onehot
generation_Hatchback (2003 - 2011) MK 2,4.840588554136409e-08,onehot
generation_Saloon (2012 - 2014) MK 4,4.822708279590253e-08,onehot
trim_Ventura,4.820264886001279e-08,onehot
trim_ELLE,4.8166628467313064e-08,onehot
trim_Titanium Vignale,4.81401419677399e-08,onehot
trim_Tekna Pulse,4.79148559825148e-08,onehot
trim_Sting,4.7727798816429816e-08,onehot
trim_Lusso,4.7616776211876157e-08,onehot
trim_Groove up!,4.743597868295641e-08,onehot
trim_Zetec White Edition,4.724303379733107e-08,onehot
trim_Anniversary Edition,4.71338273966631e-08,onehot
trim_GT Shadow Edition,4.7097508105472885e-08,onehot
generation_MPV (2013 - 2018),4.7021845450975326e-08,onehot
trim_SE Action,4.698791417910259e-08,onehot
trim_GB25,4.683974621940399e-08,onehot
trim_SE Copa,4.653127542191973e-08,onehot
trim_Ice,4.6175701051852316e-08,onehot
generation_Hatchback (2008 - 2013) MK2,4.609561483479346e-08,onehot
trim_Collezione Fall,4.602668770165646e-08,onehot
model_Scenic Xmod,4.587986912539774e-08,onehot
trim_Renaultsport Cup,4.584536478267994e-08,onehot
trim_Design Mii,4.578248372324512e-08,onehot
trim_GRMN,4.5753387160377874e-08,onehot
trim_Sport LE,4.570203010436507e-08,onehot
trim_Active Style,4.52273595326056e-08,onehot
trim_Ribelle,4.513290133474965e-08,onehot
trim_Makoto,4.495612916258151e-08,onehot
trim_HS,4.459029704379943e-08,onehot
trim_Evolution,4.4580518906828966e-08,onehot
trim_Sport Pro,4.445939944913691e-08,onehot
trim_Parthenon Cream,4.4403102039500756e-08,onehot
generation_Hatchback (2004 - 2009) MK 1 Facelift,4.4351795415630494e-08,onehot
model_Veloster,4.4054648815090256e-08,onehot
trim_70th,4.383501503978771e-08,onehot
trim_Air Edition,4.376865846179164e-08,onehot
trim_Mode,4.375515378246982e-08,onehot
model_Murano,4.3688132307083275e-08,onehot
trim_Highline Plus,4.356717312391673e-08,onehot
trim_Pioneer,4.336556323381286e-08,onehot
trim_Premium GT,4.336135091954542e-08,onehot
trim_Style Advanced,4.3328343269919466e-08,onehot
trim_Equilibre,4.331236777198251e-08,onehot
trim_M Sport Highline,4.302086544695164e-08,onehot
generation_MPV (2006 - 2011) W251,4.2822719933322826e-08,onehot
trim_Cupra 290 Lux,4.269789095921931e-08,onehot
generation_SUV (2013 - 2017) MK1,4.268643389092691e-08,onehot
trim_Mirror,4.268001370764039e-08,onehot
generation_Convertible (2004 - 2009) R52,4.265212262757522e-08,onehot
trim_WRX S,4.262816323939092e-08,onehot
generation_Estate (2009 - 2013) MK6,4.242614236597147e-08,onehot
generation_SUV (2010 - 2016) MK 1,4.234452030758248e-08,onehot
trim_Desire,4.181569581154136e-08,onehot
trim_F Sport Design,4.154701500896183e-08,onehot
trim_Electric Art,4.154568723401939e-08,onehot
trim_GreenLine II,4.145509786498702e-08,onehot
trim_Ultimate Plus,4.0712692320249674e-08,onehot
trim_GT Line Nav,4.068529331562801e-08,onehot
trim_Scorpioneoro,4.06666328677363e-08,onehot
trim_Enigma,4.0601237774459006e-08,onehot
model_Discovery 3,4.031557767249786e-08,onehot
trim_Namsan Edition,4.028954464858143e-08,onehot
trim_GX3h+,4.0231529127206956e-08,onehot
generation_Saloon (2006 - 2010),4.007836532171391e-08,onehot
model_Trax,4.0043569861037257e-08,onehot
trim_FR Line,3.99925239126101e-08,onehot
trim_City Black,3.9832740357093996e-08,onehot
generation_MPV (2006 - 2009),3.970659768868593e-08,onehot
trim_FR Red Edition,3.9414311658007534e-08,onehot
trim_Eleganza,3.930803297654763e-08,onehot
model_FR-V,3.92271444069438e-08,onehot
generation_MPV (2011 - 2015),3.917655044235957e-08,onehot
trim_GBT,3.905733501259468e-08,onehot
generation_Estate (2007 - 2011) MK4,3.896108406655569e-08,onehot
generation_Saloon (2005 - 2011) C219,3.8960288692240395e-08,onehot
generation_Convertible (2009 - 2016),3.881174934153595e-08,onehot
generation_Coupe (2013 - 2016),3.880017264341732e-08,onehot
generation_SUV (2007 - 2011) MK1 Facelift,3.863418635658762e-08,onehot
generation_Hatchback (2010 - 2012),3.857842840298863e-08,onehot
generation_Estate (2011 -2015) MK1,3.836767623099845e-08,onehot
trim_L2H2 F3500,3.834245985041463e-08,onehot
trim_Edition 25,3.830129196388039e-08,onehot
generation_MPV (2005 - 2010) MK1 Facelift,3.8108128025939213e-08,onehot
trim_One D Baker Street,3.789008721812886e-08,onehot
trim_Elle,3.7739788998113004e-08,onehot
trim_Advance Plus,3.748318338483201e-08,onehot
generation_Convertible (2010 - 2016) MK1,3.740034642747902e-08,onehot
generation_Saloon (2010 - 2014) 4H,3.7303486235598564e-08,onehot
generation_SUV (2006 - 2011) MK 1,3.72972109895363e-08,onehot
trim_Cross Trocadero,3.718818240717361e-08,onehot
trim_Laureate Prime,3.7148963786224805e-08,onehot
generation_MPV (2007 - 2015),3.710889472704562e-08,onehot
trim_Pop +,3.65247415132385e-08,onehot
generation_Estate (2013 - 2016) MK 1,3.652178834125704e-08,onehot
trim_One Baker Street,3.645978129706558e-08,onehot
model_207 SW,3.6222112569776545e-08,onehot
trim_Giulia,3.616007364741927e-08,onehot
trim_Envy,3.5945831496734364e-08,onehot
trim_White Edition,3.5911506297354826e-08,onehot
trim_Millesim,3.5818377498175825e-08,onehot
trim_Fire,3.549007800898992e-08,onehot
model_Exeo,3.5154463393245975e-08,onehot
trim_Cupra Black,3.495502466269664e-08,onehot
model_Roadster,3.48525715468245e-08,onehot
trim_SRi VX line Red Nav,3.423454425671982e-08,onehot
trim_Estrema,3.40812703112116e-08,onehot
generation_Convertible (2014 - 2018) MK 1,3.37119743229184e-08,onehot
trim_launch edition,3.368271133588711e-08,onehot
trim_Turbo Edition,3.3575693776188164e-08,onehot
trim_Kiiro,3.3446476722278606e-08,onehot
trim_Feel Nav Edition,3.324591946834154e-08,onehot
generation_Hatchback (2004 - 2009) MK5,3.304405592332723e-08,onehot
generation_Hatchback (2007 - 2010) MK 1,3.2809171698360935e-08,onehot
trim_Premier Edition Pro,3.2695522123296263e-08,onehot
trim_Progression,3.2683904511399615e-08,onehot
trim_Turbo Black,3.240715188789523e-08,onehot
trim_Cooper S Special Edition,3.21609380483216e-08,onehot
generation_Saloon (2014 - 2015) MK 1 Facelift,3.2058711833789355e-08,onehot
trim_Veloce Ti,3.1988777829240876e-08,onehot
generation_Hatchback (2005 - 2011),3.192038904017648e-08,onehot
model_C70,3.186186999146547e-08,onehot
trim_Cooper SD Seven,3.1851223923702796e-08,onehot
model_Grand Vitara,3.180575121985423e-08,onehot
model_STS,3.172080373918935e-08,onehot
model_Matiz,3.1504094391834807e-08,onehot
trim_WRX,3.1501505983211365e-08,onehot
trim_XTEn,3.135498670640879e-08,onehot
generation_Estate (2008 - 2011) C6 Facelift,3.135023840620215e-08,onehot
trim_Blue,3.1133387259281417e-08,onehot
trim_Avantgarde Edition 125,3.108014815779025e-08,onehot
generation_Hatchback (2007 - 2011),3.103371394375872e-08,onehot
trim_SIII,3.0975739706139126e-08,onehot
generation_Saloon (2012 - 2014) MK 1,3.092439164249324e-08,onehot
generation_Estate (2006 - 2012) C6,3.0844051699640706e-08,onehot
generation_Convertible (2014 - ),3.067605968315619e-08,onehot
trim_La Prima by Bocelli,3.0657714075182244e-08,onehot
trim_Technik SE,3.064995954996407e-08,onehot
trim_HSE Red,3.0627955904622324e-08,onehot
generation_Estate (2009 - 2012),3.047742194732445e-08,onehot
generation_Hatchback (2006 - 2010) MK1,3.0314434552187034e-08,onehot
trim_Top,2.988523591916565e-08,onehot
generation_Hatchback (2008 - 2012) MK1 Facelift,2.975148197252371e-08,onehot
generation_Hatchback (2006 - 2012) K12C Facelift,2.9551613060016428e-08,onehot
generation_Coupe (2007 - 2013) MK2,2.922579759960753e-08,onehot
trim_S Plus,2.9187870933289037e-08,onehot
trim_Verve,2.905215138427979e-08,onehot
generation_MPV (2009 - 2016),2.8958836075547288e-08,onehot
trim_Polestar,2.894068686539051e-08,onehot
model_Logan MCV,2.891300688623151e-08,onehot
model_Pixo,2.8811213606214357e-08,onehot
model_Orlando,2.8677137746650504e-08,onehot
trim_SE-T,2.8613485650122866e-08,onehot
trim_SE Nav+,2.8557416451549356e-08,onehot
trim_Sportline,2.8525450963101316e-08,onehot
trim_Competition Line,2.848516217643096e-08,onehot
generation_Hatchback (2005 - 2012) MK 1,2.8466797651108593e-08,onehot
trim_Select,2.81976109188058e-08,onehot
trim_Street,2.8130690929681822e-08,onehot
trim_GreenLine,2.8056997951148877e-08,onehot
trim_Performance Edition,2.80437415540649e-08,onehot
trim_My Life,2.804115206199636e-08,onehot
trim_XY,2.7689340099927104e-08,onehot
generation_Convertible (2015 - 2016),2.7399192544168784e-08,onehot
trim_Prime Sport Night Sky,2.7276720721052523e-08,onehot
trim_Sovereign,2.7180595602237997e-08,onehot
trim_Go,2.7138573972656783e-08,onehot
trim_Long Range Plus Pilot,2.7097056716453176e-08,onehot
model_Ampera,2.707287165779458e-08,onehot
generation_Estate (2016 - 2017),2.6891877099566523e-08,onehot
trim_Sport Black+,2.6823716535065612e-08,onehot
make_London Taxis International,2.680832138938345e-08,onehot
trim_Griffin Plus,2.678748769233684e-08,onehot
trim_Style Nav,2.6787024833197314e-08,onehot
model_Grande Punto,2.6655275854816162e-08,onehot
generation_Convertible (2006 - 2014) MK 2 Facelift,2.6586903810300067e-08,onehot
model_Ypsilon,2.6505864558855142e-08,onehot
trim_Cooper Graphite,2.6448106965483537e-08,onehot
generation_Saloon (2000 - 2008),2.6428502147401638e-08,onehot
generation_Hatchback (2017 - 2018),2.63583017442401e-08,onehot
generation_Saloon (2000 - 2009) MK 1,2.6355918121428934e-08,onehot
trim_Lusso Plus,2.6301521914827025e-08,onehot
trim_x,2.6272491843320722e-08,onehot
generation_Saloon (2008 - 2012) MK 8,2.617375109080108e-08,onehot
trim_Vector Sport,2.6140015661765672e-08,onehot
generation_Estate (2008 - 2011) MK1,2.6092342997464595e-08,onehot
trim_Cult,2.602221833910366e-08,onehot
generation_Estate (2012 - 2016) MK4 Facelift,2.5627411838107123e-08,onehot
trim_R 20 Years,2.552468678877571e-08,onehot
trim_EfficientDynamics Business,2.548826454483607e-08,onehot
model_C-Zero,2.5454577391345017e-08,onehot
trim_Zetec Climate,2.5442206490000864e-08,onehot
trim_I-TECH,2.533679530850217e-08,onehot
generation_Estate (2007 - 2011) MK2 Facelift,2.5237411534983258e-08,onehot
generation_Hatchback (2005 - 2009) MK 2,2.5154508865127882e-08,onehot
generation_SUV (2002 - 2009) L322,2.5079260261740486e-08,onehot
trim_Trussardi,2.5038610660783073e-08,onehot
generation_Estate (2009 - 2013) MK1 Facelift,2.4901060992224336e-08,onehot
trim_80 Founders Edition Suite,2.472248077026342e-08,onehot
generation_SUV (2006 - 2009),2.4705287509110404e-08,onehot
trim_SE4,2.4350235345915522e-08,onehot
generation_Saloon (2011 - 2013) F10,2.431896524734052e-08,onehot
generation_MPV (2006 - 2012) MK 3,2.413629143303018e-08,onehot
generation_Estate (2007 - 2009),2.403198564969301e-08,onehot
trim_Grandstyle,2.400298263509392e-08,onehot
generation_Saloon (2012 - 2014) C7,2.385353733468899e-08,onehot
trim_Active Limited Edition,2.3732894165493004e-08,onehot
trim_Cooper SE Shadow Edition,2.364779318060231e-08,onehot
trim_Cooper D Soho,2.3585994280652424e-08,onehot
generation_Convertible (2009 - 2011),2.3542021506429998e-08,onehot
trim_Monte Carlo TECH,2.3490157327891746e-08,onehot
trim_GR Jarama Race Track Edition,2.345916576952874e-08,onehot
trim_Giallo,2.3296029564979947e-08,onehot
trim_I-Music,2.3292482995407903e-08,onehot
trim_Edition Black,2.3253762232876186e-08,onehot
generation_Convertible (2010 - 2012),2.3239361153081197e-08,onehot
trim_Ghia,2.3153866839686174e-08,onehot
model_Focus CC,2.312367658388397e-08,onehot
trim_Match Edition BlueMotion,2.3086441689787574e-08,onehot
trim_M Sport Business Edition,2.3051939718272283e-08,onehot
trim_20th Anniversary,2.3035418232385678e-08,onehot
generation_Saloon (2009 - 2013) W221 Facelift,2.291979165890297e-08,onehot
generation_Estate (2007 - 2013 ),2.29062153196405e-08,onehot
trim_Field,2.280258940089301e-08,onehot
generation_Estate (2009 - 2012) B8,2.274298220060942e-08,onehot
generation_SUV (2006 - 2010) MK 3,2.254188142123759e-08,onehot
generation_SUV (2010 - 2013) MK2,2.2448681362335888e-08,onehot
trim_4 Tech,2.2346611761303853e-08,onehot
trim_DSign,2.2341109879629236e-08,onehot
trim_MyLife,2.2262433466987763e-08,onehot
trim_Zetec S Black Edition,2.2229525360871464e-08,onehot
model_Tribeca,2.2158667832225637e-08,onehot
trim_Inferno,2.208811588898548e-08,onehot
trim_RS Line Bose Edition,2.198481300187081e-08,onehot
trim_XT,2.1933584419064746e-08,onehot
trim_F Sport Black Edition,2.1825136000429455e-08,onehot
trim_Ecomotive,2.1793067842050538e-08,onehot
trim_Zest,2.1752466854927726e-08,onehot
trim_Amplified Edition,2.1514180611192946e-08,onehot
trim_SE Tech Edition,2.1504434011606325e-08,onehot
generation_MPV (2004 - 2011) MK 1,2.1482284607218482e-08,onehot
trim_One 1499 GT,2.14609659489119e-08,onehot
trim_Titanium B&O Play Series,2.1396172295971484e-08,onehot
generation_SUV (2005 - 2014) MK 2,2.1378268464376755e-08,onehot
trim_S Air,2.1349764977853073e-08,onehot
generation_Saloon (2008 - 2011) MK1 Facelift,2.1129365934252103e-08,onehot
trim_GT Sport Tech Edition,2.1094724600316806e-08,onehot
model_G,2.0921216334856538e-08,onehot
trim_HX,2.0919507645398286e-08,onehot
generation_Saloon (2003 - 2010),2.091762725723592e-08,onehot
trim_Visia Limited Edition,2.0890649417906143e-08,onehot
generation_MPV (2006 - 2011) MK3,2.0887803757423265e-08,onehot
trim_Executive S line,2.0855814048523657e-08,onehot
model_Aveo,2.0851471906722754e-08,onehot
generation_Hatchback (2010 - 2012) MK1 Facelift,2.0835427370543756e-08,onehot
trim_Chilli,2.0786774875321174e-08,onehot
generation_SUV (2005 - 2011) R51,2.076604069172287e-08,onehot
trim_Renaultsport Nav,2.0636092135262456e-08,onehot
trim_Furio,2.0590571575593763e-08,onehot
trim_vRS Blackline,2.0537781991741606e-08,onehot
generation_Convertible (2009 - 2013) MK 1,2.0438486097077824e-08,onehot
trim_SE5,2.0239586722667866e-08,onehot
trim_First,2.0192879705443143e-08,onehot
trim_Titanium Style,1.9999121338963843e-08,onehot
generation_MPV (2004 - 2015),1.9995510037728924e-08,onehot
model_Altea,1.9961536019449807e-08,onehot
trim_HSE Lux,1.9932801097238353e-08,onehot
trim_Acenta Sport,1.9883170421959238e-08,onehot
model_CR-Z,1.9866377993369643e-08,onehot
trim_Prime Night Sky,1.9792103960394903e-08,onehot
trim_RedLine,1.9610846180041306e-08,onehot
generation_Convertible (2002 - 2011),1.9454249173425334e-08,onehot
trim_Sportiva Nav,1.9422935377663292e-08,onehot
trim_Titanium S,1.910077361193495e-08,onehot
generation_SUV (2008 - 2010) MK 1,1.8993069956955605e-08,onehot
trim_LE,1.898374794348516e-08,onehot
trim_Active X Vignale Edition,1.8967238955940635e-08,onehot
trim_Centre-Line,1.8946241892371766e-08,onehot
trim_Feel Plus,1.8906903005503637e-08,onehot
trim_Signature X Nav,1.876118967969392e-08,onehot
trim_Colour Collection,1.8751294122976367e-08,onehot
generation_Hatchback (2013 - 2016) MK 1,1.8749656275345452e-08,onehot
trim_Edition21,1.866931333217167e-08,onehot
generation_MPV (2008 - 2012) MK 1,1.863078270147859e-08,onehot
trim_Icon+,1.8427085673165833e-08,onehot
trim_TS,1.837724180110179e-08,onehot
trim_BRABUS Xclusive,1.8245583532811728e-08,onehot
trim_Roland Garros,1.7910846959658923e-08,onehot
trim_EsseEsse 70th,1.787118180981409e-08,onehot
generation_Hatchback (1996 - 2009) MK1,1.763914344090887e-08,onehot
trim_SOL,1.7519348405610218e-08,onehot
trim_Elegance Edition 125,1.747478346329361e-08,onehot
trim_City Life,1.7275186344143773e-08,onehot
trim_R-Design Premium,1.7266116691338135e-08,onehot
trim_SX,1.7181188757104022e-08,onehot
generation_Estate (2007 - 2011) MK2,1.708651373673401e-08,onehot
model_Accord,1.703729884490003e-08,onehot
generation_MPV (2010 - 2015),1.70068670853256e-08,onehot
trim_Cooper SD Bayswater,1.699678365235307e-08,onehot
generation_Estate (2013 - 2015),1.6992437651277278e-08,onehot
generation_Coupe (1989 - 1996),1.695783684639763e-08,onehot
trim_Agile,1.681417281973144e-08,onehot
trim_Zetec S Red Edition,1.680999047306241e-08,onehot
trim_M Sport Highline Edition,1.673693840644256e-08,onehot
generation_Hatchback (2005 - 2010) MK2,1.6727206992135625e-08,onehot
trim_x-pure,1.648540192611542e-08,onehot
trim_Move,1.648430103216097e-08,onehot
model_Wind,1.6418792654885654e-08,onehot
model_Xsara Picasso,1.628923780651771e-08,onehot
generation_Hatchback (2009 - 2012) MK2 Facelift,1.6230003884903527e-08,onehot
generation_Coupe (2006 - 2012),1.618979215561582e-08,onehot
trim_Zetec Blue Edition,1.6165854372440162e-08,onehot
trim_ROCKS,1.599573661156949e-08,onehot
generation_Convertible (2007 - 2011) MK2 Facelift,1.584136190107464e-08,onehot
trim_Sport Black Edition,1.582749040744912e-08,onehot
trim_T Spirit 10th Anniversary,1.5657830353763495e-08,onehot
generation_Convertible (2012 - 2016) MK1,1.5563495152280094e-08,onehot
trim_S Navi,1.5503439032322434e-08,onehot
trim_Black Lezard,1.524914236314502e-08,onehot
generation_Hatchback (2006 - 2010) MK1 Facelift,1.5091293981288953e-08,onehot
trim_Sportrider,1.5058895331404968e-08,onehot
trim_Newground,1.4961293937419894e-08,onehot
trim_CC-3,1.49566701188283e-08,onehot
trim_Rock up!,1.4945303546796954e-08,onehot
trim_Cooper D London 2012,1.4923155107601233e-08,onehot
trim_Prestige Lux,1.4920719392765063e-08,onehot
trim_DTM,1.4912566922752154e-08,onehot
trim_3Form Sport,1.4820327901104167e-08,onehot
trim_XC Premium,1.474321618604387e-08,onehot
generation_Saloon (2007 - 2009) X358,1.4482732564352047e-08,onehot
trim_WRX STI,1.4357370018369678e-08,onehot
trim_Disturbing London Edition,1.4326411836431174e-08,onehot
trim_FR Titanium,1.4244348604415136e-08,onehot
trim_Sport Recaro,1.4126718892415987e-08,onehot
generation_Estate (2004 - 2011) H,1.412232004828028e-08,onehot
trim_ST Performance Pack,1.409608476019506e-08,onehot
trim_Cooper Highgate,1.4092150250208293e-08,onehot
trim_Panda,1.4087445911950277e-08,onehot
trim_x-cite 3,1.3940817978254984e-08,onehot
trim_Kendo,1.3637070033967292e-08,onehot
generation_Convertible (2009 - 2015) MK2 Facelift,1.3522909674677431e-08,onehot
trim_S Emocion,1.3475574298602226e-08,onehot
trim_Red Carbon,1.3435484676586998e-08,onehot
generation_MPV (2022 - 2022),1.3426758300234419e-08,onehot
trim_Dolcevita Plus,1.340613129263092e-08,onehot
trim_Ultra,1.3370945613433536e-08,onehot
trim_Vintage 57,1.3300286489576999e-08,onehot
model_Mazda5,1.3275971855167866e-08,onehot
trim_Kuro Edition,1.3215912441040069e-08,onehot
trim_Halo,1.310454877378306e-08,onehot
generation_Estate (2013 - 2015) MK2 Facelift,1.2945042354335979e-08,onehot
trim_Ice Velvet,1.2909470927436042e-08,onehot
trim_ES GT,1.279651960684472e-08,onehot
model_G80,1.2500167096746614e-08,onehot
generation_Coupe (2015 - 2018) MK2,1.2472455135478958e-08,onehot
model_RX 400h,1.2471399634928869e-08,onehot
trim_Cross Rivoli,1.2413980960209583e-08,onehot
generation_Coupe (2010 - 2014) MK 1,1.2324825832881158e-08,onehot
trim_Artisan Special Edition,1.2261578161906833e-08,onehot
trim_Anniversario,1.2212221569681903e-08,onehot
generation_Saloon (2012 - 2014),1.2078233079656906e-08,onehot
trim_ZC-H,1.2048251411688829e-08,onehot
model_Kizashi,1.2029595245865669e-08,onehot
generation_Hatchback (2004 - 2010),1.2018766338520947e-08,onehot
trim_ELX4,1.1965366925843691e-08,onehot
generation_MPV (2003 - 2011) MK 1,1.192727021993016e-08,onehot
trim_Design Pro,1.1921086211618371e-08,onehot
trim_Iron Man Edition,1.1893138285437122e-08,onehot
model_Phantom,1.1875188818579242e-08,onehot
trim_Cooper Bayswater,1.1852456950550459e-08,onehot
generation_MPV (2006 - 2011) MK1 Facelift,1.1840324272327465e-08,onehot
trim_Urban Lite,1.1762583062210343e-08,onehot
trim_Pista 70th,1.1756328204884113e-08,onehot
trim_Ocean Race,1.1716902366956211e-08,onehot
generation_Estate (2010 - 2012) MK4,1.1697567030458409e-08,onehot
trim_Exclusiv Nav,1.1689186671420368e-08,onehot
generation_SUV (2013 - 2016) MK1 Facelilft 2,1.1681013393551889e-08,onehot
trim_991 Carrera Black Edition,1.153750148233155e-08,onehot
generation_Estate (2011 - 2016),1.1388254138192026e-08,onehot
trim_Modern,1.1370572790419959e-08,onehot
model_Ami,1.136436921768411e-08,onehot
model_SX4,1.1353313627995162e-08,onehot
generation_Hatchback (2011 - 2019),1.1261278585369595e-08,onehot
trim_up! Black,1.1160190622895128e-08,onehot
trim_Searcher,1.1103662799082891e-08,onehot
trim_Proxy,1.1094273685243268e-08,onehot
trim_GT Nav,1.108575685415302e-08,onehot
trim_Night Eagle II,1.1019650307408231e-08,onehot
trim_SE Lux Premium,1.0963261154859557e-08,onehot
generation_Convertible (2011 - 2014) MK1 Facelift,1.0962682639814263e-08,onehot
trim_DSire,1.0776984381140669e-08,onehot
generation_Coupe (2008 - 2014),1.076640097211276e-08,onehot
trim_SRT Design,1.0763425282797168e-08,onehot
trim_BlueMotion 2,1.0757290863950109e-08,onehot
generation_Coupe (2006 - 2010) MK 1,1.07297897557512e-08,onehot
trim_Type S,1.0716633647736563e-08,onehot
generation_SUV (2005 - 2010),1.0633094847818934e-08,onehot
generation_SUV (2010 - 2011) MK 1 Facelift,1.0613303419376897e-08,onehot
trim_Digital,1.0506332635948664e-08,onehot
trim_Street up!,1.048663047626925e-08,onehot
trim_GLX,1.0354883652301492e-08,onehot
trim_SE-L+,1.019572469427809e-08,onehot
trim_GT Tech,1.0178131775266834e-08,onehot
generation_SUV (2006 - 2009) MK 3,1.017195068689879e-08,onehot
trim_John Cooper Works Anniversary Edition,1.006714084646819e-08,onehot
trim_X-PERIENCE SE Technology,1.0004552191723158e-08,onehot
generation_SUV (2013 - 2014) MK 2 Facelift,9.961999199259604e-09,onehot
generation_Saloon (2009 - 2013),9.893235346810771e-09,onehot
trim_30 Years,9.87053471347482e-09,onehot
trim_VXR Clubsport,9.678983900844937e-09,onehot
generation_MPV (2002 - 2011),9.677878917105687e-09,onehot
trim_Connexion,9.560141444085787e-09,onehot
trim_Electric Drive,9.41896214116193e-09,onehot
trim_evolution,9.345072923411303e-09,onehot
trim_Club up!,9.277868657387673e-09,onehot
generation_Hatchback (1999 - 2012) MK1,9.167403604237638e-09,onehot
trim_SE Lux Edition,9.050239799594887e-09,onehot
generation_Convertible (2010 - 2013) MK 1,9.048224073414256e-09,onehot
generation_Convertible (2015 - 2020),9.038185757868418e-09,onehot
generation_Estate (2005 - 2015) MK1 Facelift,8.899421287051963e-09,onehot
trim_Active Plus,8.839447038326233e-09,onehot
model_Nemo Multispace,8.792447441306856e-09,onehot
generation_Estate (2006 - 2010) S211 Facelift,8.778574061576505e-09,onehot
trim_R.S.300,8.601603756760124e-09,onehot
trim_Move up! Tech Edition,8.553583105450364e-09,onehot
generation_Estate (2006 - 2011),8.523846265834024e-09,onehot
model_BRZ,8.414758879053466e-09,onehot
trim_SE Highline,8.373305368512124e-09,onehot
generation_Hatchback (2007 - 2013),8.357974515988507e-09,onehot
generation_Convertible (2003 - 2012) MK1,8.352102340048777e-09,onehot
trim_Pilot One Edition,8.305337503202045e-09,onehot
generation_MPV (2009 - 2014),8.295641856850527e-09,onehot
model_TF,8.276287218933856e-09,onehot
trim_Edition White,8.197213738043955e-09,onehot
trim_SE Discover Nav,8.178983744913252e-09,onehot
trim_Turbo SE,8.051021674651956e-09,onehot
trim_Cloverleaf,8.029377537977582e-09,onehot
trim_E-Tech engineered,8.022223300097578e-09,onehot
trim_Motorsport Edition,7.971904041858409e-09,onehot
trim_Crossway,7.933653598980416e-09,onehot
trim_x-clusiv3,7.90956690194304e-09,onehot
generation_Estate (2004 - 2010),7.740314292974364e-09,onehot
trim_Aventura Explorer,7.735913263706165e-09,onehot
trim_Dune,7.62510517720097e-09,onehot
trim_Dark Light,7.603884574098632e-09,onehot
trim_Centura,7.572685776689768e-09,onehot
generation_Convertible (2003 - 2009),7.516546219909213e-09,onehot
generation_Saloon (2016 - 2018),7.4422017311718956e-09,onehot
trim_Individual,7.3874358994370625e-09,onehot
generation_MPV (2007 - 2011),7.36250914067364e-09,onehot
trim_Vibe,7.282990219460379e-09,onehot
trim_Limited Nav,7.120707090658069e-09,onehot
model_IS 220d,6.9746684031603475e-09,onehot
trim_DStyle Ice,6.882506374220276e-09,onehot
generation_Saloon (2005 - 2012),6.830209394103745e-09,onehot
trim_Premium Panorama,6.8221904696283674e-09,onehot
trim_Tour de France,6.820632175966173e-09,onehot
trim_GLS +,6.817984801625726e-09,onehot
generation_Estate (2008 - 2011) MK2,6.7782623401605365e-09,onehot
model_Bipper Tepee,6.73443675611466e-09,onehot
trim_Expression + Convenience,6.720111555779732e-09,onehot
trim_Connect Plus,6.698800186272823e-09,onehot
trim_Extreme,6.632865022129773e-09,onehot
model_Grand Espace,6.583758298436449e-09,onehot
trim_Atlas,6.57696836738746e-09,onehot
trim_Junior,6.539595230782845e-09,onehot
trim_The Color Run,6.522467286759383e-09,onehot
trim_Dynamik,6.429337615452559e-09,onehot
trim_SE Lux Solstice,6.409964357498616e-09,onehot
trim_Tech Line GT,6.3857851713205756e-09,onehot
trim_Tamura Nav,6.336333264992199e-09,onehot
generation_Hatchback (2005 - 2009) MK6 Facelift,6.254824811180105e-09,onehot
generation_Estate (2007 - 2010) MK1,6.254572418148614e-09,onehot
trim_White,6.225211388194228e-09,onehot
trim_SE Lux RTI Nav,6.22181212908276e-09,onehot
generation_Hatchback (2006 - 2010) MK 2 Facelift,6.085762302212744e-09,onehot
model_Pathfinder,6.054607648307461e-09,onehot
trim_EX Plus,6.052288609939301e-09,onehot
trim_Blackcherry,5.979446494055245e-09,onehot
trim_Cooper D Pimlico,5.9368315782962355e-09,onehot
trim_T2,5.883044606911051e-09,onehot
trim_Matt Black,5.814681514948959e-09,onehot
trim_SE-L Lux Nav,5.7815009747770875e-09,onehot
trim_by MANGO,5.77045332157389e-09,onehot
trim_SE Limited,5.669105324969666e-09,onehot
trim_BRABUS,5.662600752269434e-09,onehot
model_Camry,5.644727923789551e-09,onehot
trim_DSport Red,5.633241638953116e-09,onehot
generation_SUV (2009 - 2012) MK 1,5.622822459267041e-09,onehot
trim_Ron Arad Edition,5.612856762367641e-09,onehot
model_Premacy,5.557508461676016e-09,onehot
generation_Convertible (2005 - 2008),5.516671153889763e-09,onehot
trim_Elegance SE,5.48389228817644e-09,onehot
trim_R.S.280,5.483553838501017e-09,onehot
generation_Convertible (2006 - 2011) H,5.4605136006621015e-09,onehot
generation_Hatchback (2007 - 2010) 5J,5.432264579316243e-09,onehot
generation_SUV (2006 - 2015),5.4059787876767795e-09,onehot
trim_Nav+,5.324165060256411e-09,onehot
generation_Hatchback (2005 - 2011) MK 2,5.234836981438717e-09,onehot
trim_Splash,5.222618106779853e-09,onehot
trim_Cooper S Hampton,5.196116069748481e-09,onehot
trim_Tributo 131 Rally,5.169342113540823e-09,onehot
trim_DSign Ice,5.164149164639962e-09,onehot
trim_Endurance Edition,5.154414953024409e-09,onehot
trim_SRi VX line Red,5.1364804712853e-09,onehot
trim_Ecomotive SE,5.0918142528048195e-09,onehot
generation_Estate (2008 - 2013) C6,5.087667860873812e-09,onehot
generation_Estate (2007 - 2011) MK5,5.060129884931052e-09,onehot
trim_Givenchy Le Makeup,4.978234714344047e-09,onehot
trim_GO!,4.86923360257243e-09,onehot
trim_Strike,4.8652492829961876e-09,onehot
trim_ES Nav,4.8458748468802245e-09,onehot
trim_10,4.825458460230831e-09,onehot
trim_DSire Plus,4.8180370961623054e-09,onehot
generation_Saloon (2015 - 2016),4.780373389020055e-09,onehot
trim_XEC,4.698412937807744e-09,onehot
trim_Stormer,4.684453148784567e-09,onehot
trim_Red Edition,4.677912807066925e-09,onehot
model_Urbancruiser,4.6510017120471745e-09,onehot
trim_Vista,4.626993354327183e-09,onehot
trim_Takara,4.622506645616538e-09,onehot
trim_Icon Business Edition,4.6124179492141266e-09,onehot
trim_Sting R,4.568877260045569e-09,onehot
generation_MPV (2006 - 2010) MK 2 Facelift,4.511271942233299e-09,onehot
model_Kangoo,4.494144461492782e-09,onehot
trim_Jet Black II,4.4587606199642955e-09,onehot
trim_ST-Line Red Edition,4.407278981000348e-09,onehot
trim_Cupra 280,4.381453151967045e-09,onehot
generation_SUV (2005 - 2009) W164,4.3779946440833346e-09,onehot
trim_One Graphite,4.2859036505248504e-09,onehot
trim_R3,4.268149253029165e-09,onehot
generation_Hatchback (2005 - 2010) MK 3,4.220270429232697e-09,onehot
generation_Saloon (2008 - 2011) MK 8 Facelift,4.213916593809466e-09,onehot
trim_Visia+,4.171833001597865e-09,onehot
trim_Shaker,4.1407820718167055e-09,onehot
trim_BRABUS Sport,4.076545401419006e-09,onehot
trim_SXT,4.061091842489895e-09,onehot
trim_Shiro,4.059548830901736e-09,onehot
model_DS 7,4.053871937755831e-09,onehot
trim_R-Design Sport,4.028895765393247e-09,onehot
trim_Le Mans,4.000273252092703e-09,onehot
trim_Quantum,3.907025897261367e-09,onehot
trim_Domino,3.872790819074027e-09,onehot
model_307 CC,3.868200213751086e-09,onehot
trim_10-Year Edition,3.8561950835032054e-09,onehot
trim_S-T,3.83739166991224e-09,onehot
trim_BlueMotion SE,3.798490109212131e-09,onehot
generation_MPV (2000 - 2011) MK1 Facelift,3.789988462573761e-09,onehot
trim_FR Titanium Technology,3.781980785378774e-09,onehot
trim_EX Sport Line,3.777554187942612e-09,onehot
trim_Touch,3.768412692058251e-09,onehot
trim_x-claim,3.5710655593433996e-09,onehot
trim_FR First Edition,3.552617697925726e-09,onehot
trim_Ministry of Sound,3.5386510022514474e-09,onehot
trim_GLS,3.5348339125881085e-09,onehot
model_Splash,3.522505090935077e-09,onehot
model_RX-8,3.4879069008829806e-09,onehot
generation_MPV (2008 - 2015) MK 1,3.467149265370658e-09,onehot
trim_BRABUS Line,3.4017253608809693e-09,onehot
trim_Sola,3.3268795088607594e-09,onehot
trim_Airdream +,3.2853209053470566e-09,onehot
trim_SE Business GreenLine III,3.261274736915655e-09,onehot
generation_Hatchback (2004 - 2011) MK 1,3.2425158436878857e-09,onehot
model_IS 200,3.1845235007005715e-09,onehot
trim_RC,3.1181307604507596e-09,onehot
trim_Urban Cross,3.088705637272664e-09,onehot
trim_Luna,3.0242196253298954e-09,onehot
trim_City Sport,3.0140335160618437e-09,onehot
generation_Convertible (2003 - 2009) MK 1,2.9942159212192738e-09,onehot
trim_by LOEB,2.949585210487465e-09,onehot
trim_Equinox,2.932405557988861e-09,onehot
model_C-Crosser,2.915718971441648e-09,onehot
generation_Coupe (2006 - 2010) GK Facelift 2,2.886390330029241e-09,onehot
model_Copen,2.8774491830256065e-09,onehot
generation_Estate (2010 - 2012) MK1 Facelift,2.856389407981354e-09,onehot
trim_N Line +,2.8556125749440084e-09,onehot
generation_MPV (2007 - 2010) MK 3,2.8497601942392995e-09,onehot
generation_Estate (2007 - 2010) 5J,2.845576433047873e-09,onehot
trim_Edition 10,2.788302332071627e-09,onehot
trim_2 Luxe,2.7707797527942824e-09,onehot
trim_Prime-Line,2.7651405880980816e-09,onehot
generation_Saloon (2005 - 2010) 4E Facelift,2.7435989536037885e-09,onehot
trim_Sporting,2.705410516977147e-09,onehot
generation_MPV (2007 - 2011) MK1,2.697898722107629e-09,onehot
model_Corolla Verso,2.6877571030750267e-09,onehot
trim_Privilege TomTom,2.675594295891543e-09,onehot
trim_TomTom Edition,2.6677283119084843e-09,onehot
trim_Iconic 25 Nav,2.561622810080826e-09,onehot
trim_DStyle by Benefit,2.5112314565472175e-09,onehot
trim_W,2.4880408982927554e-09,onehot
trim_Pzaz,2.447443954330955e-09,onehot
trim_SE Blue,2.414655458994166e-09,onehot
trim_EX Style,2.3712833809533193e-09,onehot
generation_MPV (2006 - 2010) MK1,2.360408023142273e-09,onehot
generation_Estate (2008 - 2010) MK 3,2.2751525979905843e-09,onehot
generation_SUV (2005 - 2010) 4L,2.2548330697898643e-09,onehot
generation_Coupe (2012 - 2018) MK1,2.190257068147642e-09,onehot
generation_Hatchback (2003 - 2008) 8P,2.161446176252813e-09,onehot
generation_Estate (2005 - 2009),2.1494995968961743e-09,onehot
trim_GSE,2.0531372165930675e-09,onehot
trim_Code,1.9941212362841854e-09,onehot
trim_Twist,1.993949511417827e-09,onehot
make_Daihatsu,1.9402946648486885e-09,onehot
trim_Design SE,1.925441065613578e-09,onehot
trim_Edition ES,1.896783308481903e-09,onehot
trim_Ambiance Prime,1.8886238732323556e-09,onehot
trim_GT Line S,1.8185662760242263e-09,onehot
generation_Saloon (2005 - 2009) MK 7 Facelift,1.7803058571885241e-09,onehot
trim_Knight Edition,1.7768115526694157e-09,onehot
trim_x-cite 4,1.7271393032748034e-09,onehot
generation_SUV (2007 - 2010) MK 1,1.708817331151846e-09,onehot
trim_Iceshine,1.6612394548045853e-09,onehot
generation_Saloon (2005 - 2010) MK 1,1.5624283842946599e-09,onehot
trim_S Copa,1.5599211381561042e-09,onehot
model_Grand Modus,1.5308725583880735e-09,onehot
trim_Si-T,1.4997016652744016e-09,onehot
trim_Arctix Expedition Sports Adventure,1.4995254856473124e-09,onehot
generation_SUV (2005 - 2010) MK 2,1.4964405625434185e-09,onehot
model_Logan MCV Stepway,1.492591529974656e-09,onehot
trim_Style Climate,1.4434482567089245e-09,onehot
trim_Linear SE,1.4396740814009071e-09,onehot
trim_ByDiesel,1.3956286125490574e-09,onehot
trim_Active Design,1.3854307924659268e-09,onehot
generation_Estate (2008 - 2011),1.340586135789556e-09,onehot
trim_Contrast Edition Plus,1.3383745086626918e-09,onehot
generation_MPV (2009 - 2012) MK 2,1.3173441394861082e-09,onehot
trim_Breeze,1.3042733637933723e-09,onehot
generation_SUV (2007 - 2011) MK 1,1.3002327565047306e-09,onehot
model_Patriot,1.2936441384665762e-09,onehot
trim_SE+,1.2426227288668798e-09,onehot
generation_Hatchback (2005 - 2009) MK1,1.222002651100235e-09,onehot
trim_EX-T,1.1853057209752814e-09,onehot
trim_HS-T,1.1717893368495547e-09,onehot
trim_Feel Edition,1.1678959174799623e-09,onehot
trim_X-EC,1.166446065518021e-09,onehot
generation_Estate (2015 - 2017) MK4 Facelift 2,1.15207014510948e-09,onehot
trim_byGucci,1.145784593957991e-09,onehot
trim_GQ,1.1327068265808608e-09,onehot
trim_ROCKS Unlimited,1.0574185333238449e-09,onehot
model_LS 460,1.0163352724781167e-09,onehot
generation_Hatchback (2007 - 2010) MK2,9.722050976718582e-10,onehot
model_Grand Voyager,9.359093355209281e-10,onehot
generation_Saloon (2006 - 2010) MK 2 Facelift,9.112758674130427e-10,onehot
generation_Hatchback (2008 - 2010),9.039735447927689e-10,onehot
generation_SUV (2004 - 2008),8.882795898730904e-10,onehot
trim_Warrior,8.798553212567891e-10,onehot
trim_ZC-M,8.290115816997976e-10,onehot
make_Dodge,8.118847675974106e-10,onehot
trim_SE Summit,8.067262328336172e-10,onehot
trim_Stylance,7.491806382061234e-10,onehot
generation_Coupe (2004 - 2009) C203 Facelift,7.002935488180404e-10,onehot
trim_25th Anniversary,6.832313070820354e-10,onehot
generation_Hatchback (2005 - 2011) MK1 Facelift,6.81243782210031e-10,onehot
generation_Hatchback (2004 - 2009) MK1,6.229727973942119e-10,onehot
trim_SE Edition 125,6.225250788990691e-10,onehot
generation_MPV (2018 - 2018),5.917543830063358e-10,onehot
trim_RXH,5.770323477698193e-10,onehot
generation_Coupe (2004 - 2011) MK1,5.748234683007903e-10,onehot
trim_One Highgate,5.542644525044781e-10,onehot
trim_Cooper S Park Lane,5.419270370815487e-10,onehot
generation_Estate (2004 - 2008) S203 Facelift,5.418861750961506e-10,onehot
trim_S GreenLine II,5.064361872989167e-10,onehot
trim_Start and Stop,4.5013731568521635e-10,onehot
model_Nitro,4.199161711573411e-10,onehot
trim_Urban Fox,4.1828336122717073e-10,onehot
generation_Hatchback (2005 - 2009) MK1 Facelift,3.9464003524780945e-10,onehot
generation_Saloon (2005 - 2009) MK 8,3.9282244063208635e-10,onehot
trim_Midnight,3.74400078595361e-10,onehot
trim_+,3.5033564886269253e-10,onehot
trim_Sport Colour Edition,3.322228297198374e-10,onehot
generation_MPV (2007 - 2010),3.3031469877336546e-10,onehot
generation_Hatchback (2012 - 2015) MK 3,3.3001319465836324e-10,onehot
trim_Trend Plus,3.1440796858805e-10,onehot
model_Justy,2.661709684386945e-10,onehot
model_Getz,2.451290240570959e-10,onehot
trim_SE Technology Business,2.404554886392248e-10,onehot
trim_GSi,2.2228698510237037e-10,onehot
model_Fox,2.0635772354969544e-10,onehot
model_GT,2.038135856010892e-10,onehot
trim_ZC,1.581837056633296e-10,onehot
model_159 Sportwagon,1.4988894369584406e-10,onehot
trim_Freeway,1.3550968093759847e-10,onehot
trim_YOU,1.2315215694454228e-10,onehot
generation_Estate (2006 - 2012),9.867615014509833e-11,onehot
trim_60th,7.770276288484605e-11,onehot
trim_3Style+,6.949803300679172e-11,onehot
generation_MPV (1999 - 2005),5.7505810861491336e-11,onehot
generation_Estate (2006 - 2010) MK 2 Facelift,4.575156277606496e-11,onehot
trim_Bizu,3.839242774335396e-11,onehot
trim_4x4 Cross,2.8786866742375783e-11,onehot
trim_Sport Final Edition,0.0,onehot
generation_Saloon (2006 - 2011) C6,0.0,onehot
